Category,edfa_index,EDFA_type,target_gain,target_gain_tilt,EDFA_input_power_total,EDFA_output_power_total,EDFA_input_spectra_00,DUT_WSS_activated_channel_index_00,EDFA_input_spectra_01,DUT_WSS_activated_channel_index_01,EDFA_input_spectra_02,DUT_WSS_activated_channel_index_02,EDFA_input_spectra_03,DUT_WSS_activated_channel_index_03,EDFA_input_spectra_04,DUT_WSS_activated_channel_index_04,EDFA_input_spectra_05,DUT_WSS_activated_channel_index_05,EDFA_input_spectra_06,DUT_WSS_activated_channel_index_06,EDFA_input_spectra_07,DUT_WSS_activated_channel_index_07,EDFA_input_spectra_08,DUT_WSS_activated_channel_index_08,EDFA_input_spectra_09,DUT_WSS_activated_channel_index_09,EDFA_input_spectra_10,DUT_WSS_activated_channel_index_10,EDFA_input_spectra_11,DUT_WSS_activated_channel_index_11,EDFA_input_spectra_12,DUT_WSS_activated_channel_index_12,EDFA_input_spectra_13,DUT_WSS_activated_channel_index_13,EDFA_input_spectra_14,DUT_WSS_activated_channel_index_14,EDFA_input_spectra_15,DUT_WSS_activated_channel_index_15,EDFA_input_spectra_16,DUT_WSS_activated_channel_index_16,EDFA_input_spectra_17,DUT_WSS_activated_channel_index_17,EDFA_input_spectra_18,DUT_WSS_activated_channel_index_18,EDFA_input_spectra_19,DUT_WSS_activated_channel_index_19,EDFA_input_spectra_20,DUT_WSS_activated_channel_index_20,EDFA_input_spectra_21,DUT_WSS_activated_channel_index_21,EDFA_input_spectra_22,DUT_WSS_activated_channel_index_22,EDFA_input_spectra_23,DUT_WSS_activated_channel_index_23,EDFA_input_spectra_24,DUT_WSS_activated_channel_index_24,EDFA_input_spectra_25,DUT_WSS_activated_channel_index_25,EDFA_input_spectra_26,DUT_WSS_activated_channel_index_26,EDFA_input_spectra_27,DUT_WSS_activated_channel_index_27,EDFA_input_spectra_28,DUT_WSS_activated_channel_index_28,EDFA_input_spectra_29,DUT_WSS_activated_channel_index_29,EDFA_input_spectra_30,DUT_WSS_activated_channel_index_30,EDFA_input_spectra_31,DUT_WSS_activated_channel_index_31,EDFA_input_spectra_32,DUT_WSS_activated_channel_index_32,EDFA_input_spectra_33,DUT_WSS_activated_channel_index_33,EDFA_input_spectra_34,DUT_WSS_activated_channel_index_34,EDFA_input_spectra_35,DUT_WSS_activated_channel_index_35,EDFA_input_spectra_36,DUT_WSS_activated_channel_index_36,EDFA_input_spectra_37,DUT_WSS_activated_channel_index_37,EDFA_input_spectra_38,DUT_WSS_activated_channel_index_38,EDFA_input_spectra_39,DUT_WSS_activated_channel_index_39,EDFA_input_spectra_40,DUT_WSS_activated_channel_index_40,EDFA_input_spectra_41,DUT_WSS_activated_channel_index_41,EDFA_input_spectra_42,DUT_WSS_activated_channel_index_42,EDFA_input_spectra_43,DUT_WSS_activated_channel_index_43,EDFA_input_spectra_44,DUT_WSS_activated_channel_index_44,EDFA_input_spectra_45,DUT_WSS_activated_channel_index_45,EDFA_input_spectra_46,DUT_WSS_activated_channel_index_46,EDFA_input_spectra_47,DUT_WSS_activated_channel_index_47,EDFA_input_spectra_48,DUT_WSS_activated_channel_index_48,EDFA_input_spectra_49,DUT_WSS_activated_channel_index_49,EDFA_input_spectra_50,DUT_WSS_activated_channel_index_50,EDFA_input_spectra_51,DUT_WSS_activated_channel_index_51,EDFA_input_spectra_52,DUT_WSS_activated_channel_index_52,EDFA_input_spectra_53,DUT_WSS_activated_channel_index_53,EDFA_input_spectra_54,DUT_WSS_activated_channel_index_54,EDFA_input_spectra_55,DUT_WSS_activated_channel_index_55,EDFA_input_spectra_56,DUT_WSS_activated_channel_index_56,EDFA_input_spectra_57,DUT_WSS_activated_channel_index_57,EDFA_input_spectra_58,DUT_WSS_activated_channel_index_58,EDFA_input_spectra_59,DUT_WSS_activated_channel_index_59,EDFA_input_spectra_60,DUT_WSS_activated_channel_index_60,EDFA_input_spectra_61,DUT_WSS_activated_channel_index_61,EDFA_input_spectra_62,DUT_WSS_activated_channel_index_62,EDFA_input_spectra_63,DUT_WSS_activated_channel_index_63,EDFA_input_spectra_64,DUT_WSS_activated_channel_index_64,EDFA_input_spectra_65,DUT_WSS_activated_channel_index_65,EDFA_input_spectra_66,DUT_WSS_activated_channel_index_66,EDFA_input_spectra_67,DUT_WSS_activated_channel_index_67,EDFA_input_spectra_68,DUT_WSS_activated_channel_index_68,EDFA_input_spectra_69,DUT_WSS_activated_channel_index_69,EDFA_input_spectra_70,DUT_WSS_activated_channel_index_70,EDFA_input_spectra_71,DUT_WSS_activated_channel_index_71,EDFA_input_spectra_72,DUT_WSS_activated_channel_index_72,EDFA_input_spectra_73,DUT_WSS_activated_channel_index_73,EDFA_input_spectra_74,DUT_WSS_activated_channel_index_74,EDFA_input_spectra_75,DUT_WSS_activated_channel_index_75,EDFA_input_spectra_76,DUT_WSS_activated_channel_index_76,EDFA_input_spectra_77,DUT_WSS_activated_channel_index_77,EDFA_input_spectra_78,DUT_WSS_activated_channel_index_78,EDFA_input_spectra_79,DUT_WSS_activated_channel_index_79,EDFA_input_spectra_80,DUT_WSS_activated_channel_index_80,EDFA_input_spectra_81,DUT_WSS_activated_channel_index_81,EDFA_input_spectra_82,DUT_WSS_activated_channel_index_82,EDFA_input_spectra_83,DUT_WSS_activated_channel_index_83,EDFA_input_spectra_84,DUT_WSS_activated_channel_index_84,EDFA_input_spectra_85,DUT_WSS_activated_channel_index_85,EDFA_input_spectra_86,DUT_WSS_activated_channel_index_86,EDFA_input_spectra_87,DUT_WSS_activated_channel_index_87,EDFA_input_spectra_88,DUT_WSS_activated_channel_index_88,EDFA_input_spectra_89,DUT_WSS_activated_channel_index_89,EDFA_input_spectra_90,DUT_WSS_activated_channel_index_90,EDFA_input_spectra_91,DUT_WSS_activated_channel_index_91,EDFA_input_spectra_92,DUT_WSS_activated_channel_index_92,EDFA_input_spectra_93,DUT_WSS_activated_channel_index_93,EDFA_input_spectra_94,DUT_WSS_activated_channel_index_94
aging,0,booster,18.0,0.0,-13.45,4.8,-36.2,1,-34.0,1,-33.2,1,-33.3,1,-33.3,1,-33.3,1,-33.2,1,-33.3,1,-33.2,1,-33.2,1,-33.3,1,-33.2,1,-33.2,1,-33.2,1,-33.2,1,-33.3,1,-33.3,1,-33.3,1,-33.2,1,-33.2,1,-33.3,1,-33.3,1,-33.3,1,-33.2,1,-33.2,1,-33.2,1,-33.3,1,-33.2,1,-33.2,1,-33.3,1,-33.2,1,-33.2,1,-33.3,1,-33.2,1,-33.2,1,-33.2,1,-33.2,1,-33.2,1,-33.2,1,-33.3,1,-33.3,1,-33.2,1,-33.3,1,-33.3,1,-33.2,1,-33.2,1,-33.2,1,-33.2,1,-33.2,1,-33.3,1,-33.3,1,-33.3,1,-33.2,1,-33.3,1,-33.2,1,-33.4,1,-33.3,1,-33.3,1,-33.2,1,-33.2,1,-33.2,1,-33.2,1,-33.3,1,-33.3,1,-33.2,1,-33.2,1,-33.2,1,-33.3,1,-33.2,1,-33.2,1,-33.2,1,-33.2,1,-33.1,1,-33.3,1,-33.3,1,-33.2,1,-33.2,1,-33.1,1,-33.2,1,-33.2,1,-33.3,1,-33.2,1,-33.2,1,-33.2,1,-33.2,1,-33.3,1,-33.3,1,-33.2,1,-33.2,1,-33.2,1,-33.3,1,-33.2,1,-33.2,1,-33.2,1,-33.1,1
aging,0,booster,18.0,0.0,-14.45,3.85,-36.2,1,-34.4,1,-34.2,1,-34.2,1,-34.2,1,-34.2,1,-34.2,1,-34.3,1,-34.3,1,-34.2,1,-34.3,1,-34.3,1,-34.2,1,-34.2,1,-34.2,1,-34.3,1,-34.3,1,-34.3,1,-34.3,1,-34.2,1,-34.2,1,-34.3,1,-34.3,1,-34.2,1,-34.2,1,-34.2,1,-34.2,1,-34.3,1,-34.3,1,-34.3,1,-34.3,1,-34.2,1,-34.2,1,-34.2,1,-34.3,1,-34.3,1,-34.2,1,-34.3,1,-34.3,1,-34.3,1,-34.2,1,-34.2,1,-34.3,1,-34.2,1,-34.2,1,-34.3,1,-34.3,1,-34.3,1,-34.3,1,-34.3,1,-34.3,1,-34.3,1,-34.3,1,-34.2,1,-34.3,1,-34.2,1,-34.2,1,-34.2,1,-34.3,1,-34.2,1,-34.2,1,-34.2,1,-34.3,1,-34.2,1,-34.2,1,-34.3,1,-34.2,1,-34.2,1,-34.3,1,-34.2,1,-34.2,1,-34.2,1,-34.2,1,-34.3,1,-34.2,1,-34.2,1,-34.2,1,-34.3,1,-34.3,1,-34.2,1,-34.2,1,-34.2,1,-34.3,1,-34.3,1,-34.2,1,-34.2,1,-34.2,1,-34.3,1,-34.3,1,-34.2,1,-34.2,1,-34.3,1,-34.2,1,-34.2,1,-34.2,1
aging,0,booster,18.0,0.0,-15.47,2.9,-36.2,1,-35.3,1,-35.2,1,-35.3,1,-35.2,1,-35.3,1,-35.3,1,-35.2,1,-35.3,1,-35.3,1,-35.2,1,-35.2,1,-35.3,1,-35.2,1,-35.3,1,-35.2,1,-35.2,1,-35.2,1,-35.2,1,-35.2,1,-35.3,1,-35.2,1,-35.3,1,-35.3,1,-35.3,1,-35.2,1,-35.3,1,-35.2,1,-35.2,1,-35.2,1,-35.2,1,-35.2,1,-35.2,1,-35.2,1,-35.2,1,-35.2,1,-35.3,1,-35.3,1,-35.3,1,-35.2,1,-35.3,1,-35.3,1,-35.3,1,-35.2,1,-35.2,1,-35.2,1,-35.2,1,-35.2,1,-35.3,1,-35.3,1,-35.2,1,-35.3,1,-35.2,1,-35.2,1,-35.2,1,-35.2,1,-35.3,1,-35.2,1,-35.2,1,-35.2,1,-35.3,1,-35.1,1,-35.2,1,-35.3,1,-35.3,1,-35.2,1,-35.2,1,-35.2,1,-35.3,1,-35.2,1,-35.3,1,-35.2,1,-35.3,1,-35.3,1,-35.2,1,-35.3,1,-35.2,1,-35.2,1,-35.2,1,-35.2,1,-35.2,1,-35.3,1,-35.3,1,-35.3,1,-35.2,1,-35.2,1,-35.2,1,-35.2,1,-35.3,1,-35.3,1,-35.2,1,-35.2,1,-35.3,1,-35.2,1,-35.2,1
aging,0,booster,18.0,0.0,-16.43,2.03,-36.5,1,-36.4,1,-36.1,1,-36.2,1,-36.2,1,-36.2,1,-36.2,1,-36.2,1,-36.2,1,-36.2,1,-36.2,1,-36.2,1,-36.2,1,-36.2,1,-36.1,1,-36.2,1,-36.1,1,-36.1,1,-36.1,1,-36.2,1,-36.2,1,-36.1,1,-36.1,1,-36.2,1,-36.2,1,-36.2,1,-36.2,1,-36.2,1,-36.2,1,-36.2,1,-36.2,1,-36.2,1,-36.2,1,-36.1,1,-36.1,1,-36.1,1,-36.2,1,-36.2,1,-36.1,1,-36.1,1,-36.2,1,-36.2,1,-36.1,1,-36.2,1,-36.1,1,-36.1,1,-36.2,1,-36.1,1,-36.3,1,-36.1,1,-36.2,1,-36.2,1,-36.3,1,-36.1,1,-36.2,1,-36.2,1,-36.2,1,-36.2,1,-36.2,1,-36.2,1,-36.1,1,-36.1,1,-36.2,1,-36.1,1,-36.2,1,-36.1,1,-36.2,1,-36.1,1,-36.1,1,-36.2,1,-36.1,1,-36.1,1,-36.1,1,-36.2,1,-36.2,1,-36.3,1,-36.1,1,-36.1,1,-36.2,1,-36.1,1,-36.1,1,-36.2,1,-36.1,1,-36.1,1,-36.1,1,-36.1,1,-36.2,1,-36.2,1,-36.0,1,-36.1,1,-36.2,1,-36.1,1,-36.2,1,-36.2,1,-36.2,1
aging,0,booster,18.0,0.0,-17.38,1.19,-37.6,1,-37.3,1,-37.1,1,-37.0,1,-37.1,1,-37.1,1,-37.1,1,-37.1,1,-37.0,1,-37.1,1,-37.0,1,-37.1,1,-37.1,1,-37.1,1,-37.1,1,-37.1,1,-37.0,1,-37.1,1,-37.1,1,-37.1,1,-37.1,1,-37.1,1,-37.1,1,-37.1,1,-37.0,1,-37.0,1,-37.0,1,-37.1,1,-37.1,1,-37.1,1,-37.0,1,-37.1,1,-36.9,1,-37.0,1,-37.0,1,-37.1,1,-37.1,1,-37.1,1,-37.1,1,-37.1,1,-37.0,1,-37.1,1,-37.1,1,-37.0,1,-37.0,1,-37.1,1,-37.1,1,-37.0,1,-37.1,1,-37.0,1,-37.2,1,-37.0,1,-37.1,1,-37.1,1,-37.1,1,-37.1,1,-37.1,1,-37.1,1,-37.1,1,-37.1,1,-37.1,1,-37.0,1,-37.1,1,-37.0,1,-37.1,1,-37.2,1,-37.1,1,-37.0,1,-37.0,1,-37.2,1,-37.1,1,-37.0,1,-37.1,1,-37.1,1,-37.0,1,-37.1,1,-37.0,1,-37.1,1,-37.0,1,-37.0,1,-37.1,1,-37.1,1,-37.0,1,-37.1,1,-37.1,1,-37.1,1,-37.0,1,-37.1,1,-37.0,1,-37.1,1,-37.0,1,-36.9,1,-37.1,1,-37.1,1,-37.1,1
aging,0,booster,18.0,0.0,-16.36,2.09,-36.2,1,-48.9,0,-33.2,1,-48.3,0,-33.3,1,-48.3,0,-33.2,1,-48.6,0,-33.2,1,-48.8,0,-33.3,1,-49.0,0,-33.2,1,-49.2,0,-33.2,1,-49.3,0,-33.3,1,-49.4,0,-33.2,1,-49.4,0,-33.2,1,-49.6,0,-33.3,1,-49.8,0,-33.2,1,-49.6,0,-33.2,1,-50.0,0,-33.2,1,-50.0,0,-33.2,1,-49.8,0,-33.2,1,-49.7,0,-33.3,1,-48.9,0,-33.2,1,-49.4,0,-33.2,1,-49.9,0,-33.3,1,-49.8,0,-33.2,1,-49.6,0,-33.2,1,-50.0,0,-33.3,1,-50.0,0,-33.2,1,-49.6,0,-33.3,1,-48.7,0,-33.2,1,-49.4,0,-33.2,1,-50.0,0,-33.3,1,-49.6,0,-33.3,1,-49.9,0,-33.2,1,-49.6,0,-33.2,1,-49.9,0,-33.2,1,-50.0,0,-33.2,1,-50.0,0,-33.3,1,-50.0,0,-33.2,1,-50.0,0,-33.2,1,-50.0,0,-33.2,1,-50.0,0,-33.2,1,-50.0,0,-33.1,1,-50.0,0,-33.3,1,-50.0,0,-33.2,1,-50.0,0,-33.1,1,-50.0,0,-33.3,1,-50.0,0,-33.2,1,-50.0,0,-33.1,1,-50.0,0,-33.3,1,-50.0,0,-33.2,1
aging,0,booster,18.0,0.0,-20.33,-1.26,-37.6,1,-47.8,0,-37.3,1,-47.7,0,-37.1,1,-47.9,0,-37.2,1,-47.9,0,-37.1,1,-48.2,0,-37.2,1,-48.5,0,-37.2,1,-48.3,0,-37.1,1,-48.6,0,-37.1,1,-48.9,0,-37.2,1,-48.7,0,-37.1,1,-49.1,0,-37.1,1,-49.0,0,-37.1,1,-49.1,0,-37.2,1,-49.2,0,-37.1,1,-49.2,0,-37.1,1,-48.9,0,-37.1,1,-48.9,0,-37.1,1,-48.0,0,-37.2,1,-48.7,0,-37.2,1,-49.2,0,-37.1,1,-48.9,0,-37.2,1,-48.6,0,-37.2,1,-49.2,0,-37.1,1,-49.2,0,-37.2,1,-48.7,0,-37.3,1,-47.8,0,-37.2,1,-48.4,0,-37.2,1,-49.3,0,-37.3,1,-48.9,0,-37.2,1,-49.1,0,-37.2,1,-48.4,0,-37.2,1,-49.2,0,-37.2,1,-49.2,0,-37.1,1,-50.0,0,-37.3,1,-50.0,0,-37.1,1,-50.0,0,-37.2,1,-50.0,0,-37.1,1,-50.0,0,-37.1,1,-50.0,0,-37.0,1,-50.0,0,-37.2,1,-50.0,0,-37.1,1,-50.0,0,-37.2,1,-50.0,0,-37.1,1,-50.0,0,-37.1,1,-50.0,0,-37.1,1,-50.0,0,-37.1,1,-50.0,0,-37.1,1
aging,0,booster,18.0,0.0,-16.61,1.88,-49.8,0,-34.2,1,-48.4,0,-33.4,1,-48.4,0,-33.4,1,-48.6,0,-33.5,1,-48.7,0,-33.5,1,-49.2,0,-33.4,1,-49.1,0,-33.4,1,-49.4,0,-33.5,1,-49.4,0,-33.4,1,-49.3,0,-33.4,1,-49.3,0,-33.4,1,-49.6,0,-33.4,1,-49.6,0,-33.4,1,-49.7,0,-33.4,1,-49.7,0,-33.3,1,-49.7,0,-33.5,1,-50.0,0,-33.5,1,-48.3,0,-33.4,1,-49.2,0,-33.5,1,-49.9,0,-33.4,1,-49.9,0,-33.4,1,-49.5,0,-33.4,1,-49.8,0,-33.4,1,-50.0,0,-33.3,1,-49.8,0,-33.4,1,-48.9,0,-33.4,1,-49.1,0,-33.4,1,-49.4,0,-33.5,1,-49.8,0,-33.4,1,-49.9,0,-33.5,1,-50.0,0,-33.4,1,-50.0,0,-33.3,1,-50.0,0,-33.4,1,-50.0,0,-33.4,1,-50.0,0,-33.3,1,-50.0,0,-33.4,1,-50.0,0,-33.3,1,-50.0,0,-33.4,1,-50.0,0,-33.4,1,-50.0,0,-33.4,1,-50.0,0,-33.4,1,-50.0,0,-33.5,1,-50.0,0,-33.4,1,-50.0,0,-33.3,1,-50.0,0,-33.4,1,-50.0,0,-33.4,1,-50.0,0,-33.4,1,-50.0,0
aging,0,booster,18.0,0.0,-20.52,-1.41,-48.6,0,-37.5,1,-47.7,0,-37.3,1,-47.8,0,-37.3,1,-48.1,0,-37.3,1,-48.2,0,-37.3,1,-48.2,0,-37.3,1,-48.5,0,-37.3,1,-48.7,0,-37.3,1,-48.6,0,-37.3,1,-48.5,0,-37.2,1,-48.6,0,-37.2,1,-49.0,0,-37.3,1,-48.8,0,-37.3,1,-48.9,0,-37.4,1,-49.2,0,-37.2,1,-49.1,0,-37.2,1,-49.2,0,-37.2,1,-47.9,0,-37.2,1,-48.5,0,-37.2,1,-48.9,0,-37.2,1,-49.1,0,-37.4,1,-48.9,0,-37.2,1,-49.2,0,-37.2,1,-49.0,0,-37.2,1,-48.7,0,-37.2,1,-48.0,0,-37.2,1,-48.2,0,-37.3,1,-48.6,0,-37.3,1,-48.8,0,-37.3,1,-49.1,0,-37.3,1,-48.8,0,-37.1,1,-49.3,0,-37.2,1,-49.5,0,-37.4,1,-49.9,0,-37.3,1,-50.0,0,-37.3,1,-50.0,0,-37.3,1,-50.0,0,-37.3,1,-50.0,0,-37.3,1,-50.0,0,-37.2,1,-50.0,0,-37.3,1,-50.0,0,-37.3,1,-50.0,0,-37.3,1,-50.0,0,-37.3,1,-50.0,0,-37.2,1,-50.0,0,-37.2,1,-50.0,0,-37.3,1,-50.0,0,-37.2,1,-50.0,0
aging,0,booster,18.0,0.0,-16.45,2.01,-36.2,1,-34.1,1,-33.2,1,-33.2,1,-33.2,1,-33.2,1,-33.3,1,-33.2,1,-33.2,1,-33.1,1,-33.2,1,-33.2,1,-33.3,1,-33.2,1,-33.2,1,-33.2,1,-33.2,1,-33.2,1,-33.3,1,-33.3,1,-33.2,1,-33.2,1,-33.3,1,-33.2,1,-33.3,1,-33.2,1,-33.2,1,-33.3,1,-33.2,1,-33.2,1,-33.2,1,-33.2,1,-33.2,1,-33.2,1,-33.2,1,-33.3,1,-33.3,1,-33.3,1,-33.3,1,-33.2,1,-33.2,1,-33.3,1,-33.3,1,-33.2,1,-33.1,1,-33.2,1,-33.2,1,-33.2,1,-48.7,0,-50.0,0,-50.0,0,-49.9,0,-50.0,0,-50.0,0,-50.0,0,-50.0,0,-50.0,0,-50.0,0,-50.0,0,-50.0,0,-50.0,0,-50.0,0,-50.0,0,-50.0,0,-50.0,0,-50.0,0,-50.0,0,-50.0,0,-50.0,0,-50.0,0,-50.0,0,-50.0,0,-50.0,0,-50.0,0,-50.0,0,-50.0,0,-50.0,0,-50.0,0,-50.0,0,-50.0,0,-50.0,0,-50.0,0,-50.0,0,-50.0,0,-50.0,0,-50.0,0,-50.0,0,-50.0,0,-50.0,0,-50.0,0,-50.0,0,-50.0,0,-50.0,0,-50.0,0,-50.0,0
aging,0,booster,18.0,0.0,-20.41,-1.33,-37.6,1,-37.3,1,-37.0,1,-37.0,1,-37.0,1,-37.1,1,-37.0,1,-37.2,1,-37.0,1,-37.1,1,-37.1,1,-37.1,1,-37.1,1,-37.1,1,-37.1,1,-37.0,1,-37.1,1,-37.1,1,-37.1,1,-37.0,1,-37.1,1,-37.1,1,-37.2,1,-37.1,1,-37.1,1,-37.0,1,-37.1,1,-37.1,1,-37.1,1,-37.1,1,-37.0,1,-37.1,1,-36.9,1,-37.0,1,-37.0,1,-37.1,1,-37.1,1,-37.1,1,-37.1,1,-37.1,1,-37.1,1,-37.1,1,-37.1,1,-37.0,1,-37.1,1,-37.1,1,-37.1,1,-37.1,1,-47.9,0,-49.5,0,-48.9,0,-48.6,0,-49.1,0,-49.0,0,-49.8,0,-49.9,0,-49.9,0,-49.8,0,-50.0,0,-50.0,0,-50.0,0,-48.9,0,-50.0,0,-50.0,0,-50.0,0,-50.0,0,-50.0,0,-50.0,0,-50.0,0,-50.0,0,-50.0,0,-50.0,0,-50.0,0,-50.0,0,-50.0,0,-50.0,0,-50.0,0,-50.0,0,-50.0,0,-50.0,0,-50.0,0,-50.0,0,-50.0,0,-50.0,0,-50.0,0,-50.0,0,-50.0,0,-50.0,0,-50.0,0,-50.0,0,-50.0,0,-50.0,0,-50.0,0,-50.0,0,-50.0,0
aging,0,booster,18.0,0.0,-16.41,2.06,-49.9,0,-50.0,0,-50.0,0,-50.0,0,-50.0,0,-50.0,0,-50.0,0,-50.0,0,-50.0,0,-50.0,0,-50.0,0,-50.0,0,-50.0,0,-50.0,0,-50.0,0,-50.0,0,-50.0,0,-50.0,0,-50.0,0,-50.0,0,-50.0,0,-50.0,0,-50.0,0,-50.0,0,-50.0,0,-50.0,0,-50.0,0,-50.0,0,-50.0,0,-50.0,0,-50.0,0,-50.0,0,-50.0,0,-50.0,0,-49.9,0,-50.0,0,-50.0,0,-50.0,0,-50.0,0,-50.0,0,-50.0,0,-50.0,0,-50.0,0,-50.0,0,-50.0,0,-50.0,0,-50.0,0,-50.0,0,-33.2,1,-33.1,1,-33.2,1,-33.3,1,-33.3,1,-33.2,1,-33.3,1,-33.2,1,-33.2,1,-33.3,1,-33.3,1,-33.3,1,-33.2,1,-33.2,1,-33.3,1,-33.3,1,-33.3,1,-33.3,1,-33.2,1,-33.2,1,-33.1,1,-33.2,1,-33.3,1,-33.2,1,-33.1,1,-33.2,1,-33.2,1,-33.2,1,-33.3,1,-33.2,1,-33.2,1,-33.1,1,-33.2,1,-33.3,1,-33.3,1,-33.2,1,-33.1,1,-33.2,1,-33.2,1,-33.2,1,-33.2,1,-33.2,1,-33.2,1,-33.1,1,-33.2,1,-33.3,1,-33.3,1
aging,0,booster,18.0,0.0,-20.34,-1.28,-48.6,0,-48.7,0,-48.7,0,-48.7,0,-48.7,0,-48.8,0,-48.8,0,-48.9,0,-49.0,0,-49.0,0,-49.1,0,-49.2,0,-49.2,0,-49.3,0,-49.4,0,-49.4,0,-49.5,0,-49.6,0,-49.4,0,-49.5,0,-49.6,0,-49.7,0,-49.6,0,-49.7,0,-49.7,0,-49.7,0,-49.8,0,-49.8,0,-49.9,0,-49.9,0,-49.9,0,-49.9,0,-49.9,0,-49.9,0,-49.9,0,-49.6,0,-50.0,0,-50.0,0,-50.0,0,-50.0,0,-50.0,0,-50.0,0,-50.0,0,-50.0,0,-50.0,0,-50.0,0,-50.0,0,-50.0,0,-37.1,1,-37.1,1,-37.2,1,-37.0,1,-37.1,1,-37.1,1,-37.1,1,-37.1,1,-37.1,1,-37.1,1,-37.1,1,-37.1,1,-37.1,1,-36.9,1,-37.1,1,-37.0,1,-37.1,1,-37.2,1,-37.0,1,-37.0,1,-37.1,1,-37.1,1,-37.1,1,-37.0,1,-37.1,1,-37.1,1,-37.1,1,-37.1,1,-37.0,1,-37.0,1,-37.0,1,-37.1,1,-37.1,1,-37.1,1,-37.1,1,-37.1,1,-37.0,1,-37.0,1,-37.1,1,-37.1,1,-37.1,1,-37.1,1,-37.0,1,-37.1,1,-37.1,1,-37.0,1,-37.0,1
aging,0,booster,18.0,0.0,-34.02,-7.28,-48.9,0,-49.0,0,-49.0,0,-49.0,0,-34.0,1,-47.5,0,-49.1,0,-49.2,0,-49.3,0,-49.3,0,-49.4,0,-49.5,0,-49.5,0,-49.6,0,-49.7,0,-49.7,0,-49.8,0,-49.9,0,-49.7,0,-49.8,0,-49.9,0,-50.0,0,-49.9,0,-50.0,0,-50.0,0,-50.0,0,-50.0,0,-50.0,0,-50.0,0,-50.0,0,-50.0,0,-50.0,0,-50.0,0,-50.0,0,-50.0,0,-50.0,0,-50.0,0,-50.0,0,-50.0,0,-50.0,0,-50.0,0,-50.0,0,-50.0,0,-50.0,0,-50.0,0,-50.0,0,-50.0,0,-50.0,0,-50.0,0,-50.0,0,-50.0,0,-49.8,0,-50.0,0,-50.0,0,-50.0,0,-50.0,0,-50.0,0,-50.0,0,-50.0,0,-50.0,0,-50.0,0,-49.3,0,-50.0,0,-50.0,0,-50.0,0,-50.0,0,-50.0,0,-50.0,0,-50.0,0,-50.0,0,-50.0,0,-50.0,0,-50.0,0,-50.0,0,-50.0,0,-50.0,0,-50.0,0,-50.0,0,-50.0,0,-50.0,0,-50.0,0,-50.0,0,-50.0,0,-50.0,0,-50.0,0,-50.0,0,-50.0,0,-50.0,0,-50.0,0,-50.0,0,-50.0,0,-50.0,0,-50.0,0,-50.0,0,-50.0,0
aging,0,booster,18.0,0.0,-34.1,-7.29,-48.9,0,-48.9,0,-49.0,0,-49.0,0,-48.9,0,-49.0,0,-49.1,0,-49.2,0,-49.2,0,-49.3,0,-49.4,0,-49.4,0,-49.5,0,-49.5,0,-49.7,0,-49.7,0,-49.8,0,-49.9,0,-49.6,0,-34.2,1,-48.7,0,-49.9,0,-49.9,0,-50.0,0,-50.0,0,-50.0,0,-50.0,0,-50.0,0,-50.0,0,-50.0,0,-50.0,0,-50.0,0,-50.0,0,-50.0,0,-49.7,0,-49.9,0,-50.0,0,-50.0,0,-50.0,0,-50.0,0,-50.0,0,-50.0,0,-50.0,0,-50.0,0,-50.0,0,-50.0,0,-50.0,0,-50.0,0,-50.0,0,-50.0,0,-50.0,0,-49.4,0,-50.0,0,-50.0,0,-50.0,0,-50.0,0,-50.0,0,-50.0,0,-50.0,0,-50.0,0,-50.0,0,-50.0,0,-50.0,0,-50.0,0,-50.0,0,-50.0,0,-50.0,0,-50.0,0,-50.0,0,-50.0,0,-50.0,0,-50.0,0,-50.0,0,-50.0,0,-50.0,0,-50.0,0,-50.0,0,-50.0,0,-50.0,0,-50.0,0,-50.0,0,-50.0,0,-50.0,0,-50.0,0,-50.0,0,-50.0,0,-50.0,0,-50.0,0,-50.0,0,-50.0,0,-50.0,0,-50.0,0,-50.0,0,-50.0,0,-50.0,0
aging,0,booster,18.0,0.0,-33.27,-7.17,-49.1,0,-49.2,0,-49.2,0,-49.2,0,-49.2,0,-49.2,0,-49.3,0,-49.4,0,-49.5,0,-49.5,0,-49.6,0,-49.6,0,-49.7,0,-49.7,0,-49.9,0,-49.9,0,-50.0,0,-50.0,0,-49.9,0,-50.0,0,-50.0,0,-50.0,0,-50.0,0,-50.0,0,-50.0,0,-50.0,0,-50.0,0,-50.0,0,-50.0,0,-50.0,0,-50.0,0,-50.0,0,-50.0,0,-50.0,0,-33.2,1,-48.4,0,-50.0,0,-50.0,0,-50.0,0,-50.0,0,-50.0,0,-50.0,0,-50.0,0,-50.0,0,-50.0,0,-50.0,0,-50.0,0,-50.0,0,-50.0,0,-50.0,0,-50.0,0,-49.6,0,-50.0,0,-50.0,0,-50.0,0,-50.0,0,-50.0,0,-50.0,0,-50.0,0,-50.0,0,-50.0,0,-49.8,0,-50.0,0,-50.0,0,-50.0,0,-50.0,0,-50.0,0,-50.0,0,-50.0,0,-50.0,0,-50.0,0,-50.0,0,-50.0,0,-50.0,0,-50.0,0,-50.0,0,-50.0,0,-50.0,0,-50.0,0,-50.0,0,-50.0,0,-50.0,0,-50.0,0,-50.0,0,-50.0,0,-50.0,0,-50.0,0,-50.0,0,-50.0,0,-50.0,0,-50.0,0,-50.0,0,-50.0,0,-50.0,0,-50.0,0
aging,0,booster,18.0,0.0,-34.0,-7.28,-48.9,0,-49.0,0,-49.0,0,-49.0,0,-49.0,0,-49.1,0,-49.1,0,-49.2,0,-49.3,0,-49.3,0,-49.4,0,-49.5,0,-49.5,0,-49.6,0,-49.7,0,-49.7,0,-49.8,0,-49.8,0,-49.7,0,-49.8,0,-49.9,0,-49.9,0,-49.9,0,-50.0,0,-50.0,0,-50.0,0,-50.0,0,-50.0,0,-50.0,0,-50.0,0,-50.0,0,-50.0,0,-50.0,0,-50.0,0,-50.0,0,-49.9,0,-50.0,0,-50.0,0,-50.0,0,-50.0,0,-50.0,0,-50.0,0,-50.0,0,-50.0,0,-50.0,0,-50.0,0,-50.0,0,-50.0,0,-50.0,0,-34.1,1,-47.9,0,-49.6,0,-50.0,0,-49.8,0,-50.0,0,-50.0,0,-50.0,0,-50.0,0,-50.0,0,-50.0,0,-50.0,0,-50.0,0,-50.0,0,-50.0,0,-50.0,0,-50.0,0,-50.0,0,-50.0,0,-50.0,0,-50.0,0,-50.0,0,-50.0,0,-50.0,0,-50.0,0,-50.0,0,-50.0,0,-50.0,0,-50.0,0,-50.0,0,-50.0,0,-50.0,0,-50.0,0,-50.0,0,-50.0,0,-50.0,0,-50.0,0,-50.0,0,-50.0,0,-50.0,0,-50.0,0,-50.0,0,-50.0,0,-50.0,0,-50.0,0,-50.0,0
aging,0,booster,18.0,0.0,-33.87,-7.26,-48.9,0,-49.0,0,-49.0,0,-49.0,0,-49.0,0,-49.0,0,-49.1,0,-49.2,0,-49.3,0,-49.3,0,-49.4,0,-49.4,0,-49.5,0,-49.6,0,-49.7,0,-49.7,0,-49.8,0,-49.8,0,-49.7,0,-49.8,0,-49.9,0,-49.9,0,-49.9,0,-50.0,0,-50.0,0,-50.0,0,-50.0,0,-50.0,0,-50.0,0,-50.0,0,-50.0,0,-50.0,0,-50.0,0,-50.0,0,-50.0,0,-50.0,0,-50.0,0,-50.0,0,-50.0,0,-50.0,0,-50.0,0,-50.0,0,-50.0,0,-50.0,0,-50.0,0,-50.0,0,-50.0,0,-50.0,0,-50.0,0,-50.0,0,-49.6,0,-49.4,0,-50.0,0,-49.8,0,-50.0,0,-50.0,0,-50.0,0,-50.0,0,-50.0,0,-50.0,0,-50.0,0,-50.0,0,-50.0,0,-50.0,0,-34.1,1,-49.2,0,-50.0,0,-50.0,0,-50.0,0,-50.0,0,-50.0,0,-50.0,0,-50.0,0,-50.0,0,-50.0,0,-50.0,0,-50.0,0,-50.0,0,-50.0,0,-50.0,0,-50.0,0,-50.0,0,-50.0,0,-50.0,0,-50.0,0,-50.0,0,-50.0,0,-50.0,0,-50.0,0,-50.0,0,-50.0,0,-50.0,0,-50.0,0,-50.0,0,-50.0,0
aging,0,booster,18.0,0.0,-33.92,-7.27,-48.9,0,-48.9,0,-49.0,0,-49.0,0,-48.9,0,-49.0,0,-49.1,0,-49.2,0,-49.2,0,-49.3,0,-49.3,0,-49.4,0,-49.4,0,-49.5,0,-49.6,0,-49.7,0,-49.7,0,-49.8,0,-49.7,0,-49.7,0,-49.8,0,-49.9,0,-49.9,0,-49.9,0,-49.9,0,-50.0,0,-50.0,0,-50.0,0,-50.0,0,-50.0,0,-50.0,0,-50.0,0,-50.0,0,-50.0,0,-49.7,0,-49.9,0,-50.0,0,-50.0,0,-50.0,0,-50.0,0,-50.0,0,-50.0,0,-50.0,0,-50.0,0,-50.0,0,-50.0,0,-50.0,0,-50.0,0,-50.0,0,-50.0,0,-49.9,0,-49.5,0,-50.0,0,-50.0,0,-50.0,0,-50.0,0,-50.0,0,-50.0,0,-50.0,0,-50.0,0,-50.0,0,-49.5,0,-50.0,0,-50.0,0,-50.0,0,-50.0,0,-50.0,0,-50.0,0,-50.0,0,-50.0,0,-50.0,0,-50.0,0,-50.0,0,-50.0,0,-50.0,0,-50.0,0,-50.0,0,-50.0,0,-50.0,0,-34.1,1,-50.0,0,-50.0,0,-50.0,0,-50.0,0,-50.0,0,-50.0,0,-50.0,0,-50.0,0,-50.0,0,-50.0,0,-50.0,0,-50.0,0,-50.0,0,-50.0,0,-50.0,0
aging,0,booster,18.0,0.0,-34.01,-7.28,-48.9,0,-48.9,0,-49.0,0,-49.0,0,-48.9,0,-49.0,0,-49.1,0,-49.2,0,-49.2,0,-49.3,0,-49.3,0,-49.4,0,-49.5,0,-49.5,0,-49.6,0,-49.7,0,-49.7,0,-49.8,0,-49.7,0,-49.8,0,-49.8,0,-49.9,0,-49.9,0,-49.9,0,-49.9,0,-50.0,0,-50.0,0,-50.0,0,-50.0,0,-50.0,0,-50.0,0,-50.0,0,-50.0,0,-50.0,0,-49.4,0,-50.0,0,-50.0,0,-50.0,0,-50.0,0,-50.0,0,-50.0,0,-50.0,0,-50.0,0,-50.0,0,-50.0,0,-50.0,0,-50.0,0,-50.0,0,-50.0,0,-50.0,0,-49.8,0,-49.3,0,-50.0,0,-50.0,0,-50.0,0,-50.0,0,-50.0,0,-50.0,0,-50.0,0,-50.0,0,-50.0,0,-50.0,0,-50.0,0,-50.0,0,-50.0,0,-50.0,0,-50.0,0,-50.0,0,-50.0,0,-50.0,0,-50.0,0,-50.0,0,-50.0,0,-50.0,0,-50.0,0,-50.0,0,-50.0,0,-50.0,0,-50.0,0,-50.0,0,-50.0,0,-50.0,0,-50.0,0,-50.0,0,-50.0,0,-50.0,0,-50.0,0,-50.0,0,-50.0,0,-50.0,0,-50.0,0,-50.0,0,-50.0,0,-50.0,0,-34.2,1
aging,0,booster,18.0,0.0,-38.03,-7.65,-47.7,0,-47.8,0,-47.8,0,-47.9,0,-38.0,1,-47.0,0,-47.9,0,-47.9,0,-48.0,0,-48.0,0,-48.1,0,-48.1,0,-48.2,0,-48.2,0,-48.3,0,-48.4,0,-48.4,0,-48.5,0,-48.3,0,-48.4,0,-48.5,0,-48.6,0,-48.5,0,-48.6,0,-48.6,0,-48.6,0,-48.7,0,-48.8,0,-48.8,0,-48.8,0,-48.8,0,-48.8,0,-48.8,0,-48.8,0,-48.8,0,-48.5,0,-48.9,0,-49.0,0,-49.0,0,-49.0,0,-49.1,0,-49.1,0,-49.1,0,-49.2,0,-49.3,0,-49.2,0,-49.3,0,-49.4,0,-49.5,0,-49.3,0,-48.9,0,-48.2,0,-48.8,0,-49.2,0,-49.3,0,-49.8,0,-49.6,0,-49.6,0,-49.9,0,-49.7,0,-50.0,0,-49.6,0,-50.0,0,-50.0,0,-50.0,0,-50.0,0,-50.0,0,-50.0,0,-50.0,0,-50.0,0,-50.0,0,-50.0,0,-50.0,0,-50.0,0,-50.0,0,-50.0,0,-50.0,0,-50.0,0,-50.0,0,-50.0,0,-50.0,0,-50.0,0,-50.0,0,-50.0,0,-50.0,0,-50.0,0,-50.0,0,-50.0,0,-50.0,0,-50.0,0,-50.0,0,-50.0,0,-50.0,0,-50.0,0,-50.0,0
aging,0,booster,18.0,0.0,-38.12,-7.65,-47.7,0,-47.8,0,-47.8,0,-47.8,0,-47.8,0,-47.8,0,-47.9,0,-47.9,0,-48.0,0,-48.0,0,-48.1,0,-48.1,0,-48.2,0,-48.2,0,-48.3,0,-48.4,0,-48.4,0,-48.5,0,-48.4,0,-38.2,1,-47.6,0,-48.6,0,-48.6,0,-48.6,0,-48.6,0,-48.6,0,-48.7,0,-48.8,0,-48.8,0,-48.8,0,-48.9,0,-48.8,0,-48.8,0,-48.8,0,-48.8,0,-48.6,0,-48.9,0,-49.0,0,-49.0,0,-49.0,0,-49.1,0,-49.1,0,-49.2,0,-49.2,0,-49.3,0,-49.2,0,-49.3,0,-49.4,0,-49.4,0,-49.1,0,-48.6,0,-48.2,0,-48.7,0,-48.8,0,-49.1,0,-49.6,0,-49.4,0,-49.2,0,-49.9,0,-49.7,0,-49.6,0,-48.4,0,-50.0,0,-50.0,0,-50.0,0,-50.0,0,-50.0,0,-50.0,0,-50.0,0,-50.0,0,-50.0,0,-50.0,0,-50.0,0,-50.0,0,-50.0,0,-50.0,0,-50.0,0,-50.0,0,-50.0,0,-50.0,0,-50.0,0,-50.0,0,-50.0,0,-50.0,0,-50.0,0,-50.0,0,-50.0,0,-50.0,0,-50.0,0,-50.0,0,-50.0,0,-50.0,0,-50.0,0,-50.0,0,-50.0,0
aging,0,booster,18.0,0.0,-37.27,-7.6,-47.8,0,-47.8,0,-47.9,0,-47.9,0,-47.9,0,-47.9,0,-48.0,0,-48.1,0,-48.1,0,-48.2,0,-48.3,0,-48.3,0,-48.4,0,-48.4,0,-48.6,0,-48.6,0,-48.7,0,-48.7,0,-48.6,0,-48.7,0,-48.7,0,-48.8,0,-48.8,0,-48.8,0,-48.9,0,-48.9,0,-48.9,0,-49.0,0,-49.0,0,-49.1,0,-49.1,0,-49.0,0,-49.0,0,-49.1,0,-37.2,1,-47.4,0,-49.1,0,-49.2,0,-49.3,0,-49.3,0,-49.3,0,-49.3,0,-49.4,0,-49.5,0,-49.5,0,-49.5,0,-49.5,0,-49.7,0,-49.7,0,-49.6,0,-48.9,0,-48.5,0,-49.1,0,-49.1,0,-49.4,0,-50.0,0,-49.7,0,-49.5,0,-50.0,0,-50.0,0,-50.0,0,-48.8,0,-50.0,0,-50.0,0,-50.0,0,-50.0,0,-50.0,0,-50.0,0,-50.0,0,-50.0,0,-50.0,0,-50.0,0,-50.0,0,-50.0,0,-50.0,0,-50.0,0,-50.0,0,-50.0,0,-50.0,0,-50.0,0,-50.0,0,-50.0,0,-50.0,0,-50.0,0,-50.0,0,-50.0,0,-50.0,0,-50.0,0,-50.0,0,-50.0,0,-50.0,0,-50.0,0,-50.0,0,-50.0,0,-50.0,0
aging,0,booster,18.0,0.0,-37.9,-7.64,-47.7,0,-47.8,0,-47.8,0,-47.8,0,-47.8,0,-47.8,0,-47.9,0,-47.9,0,-48.0,0,-48.0,0,-48.1,0,-48.1,0,-48.2,0,-48.3,0,-48.4,0,-48.4,0,-48.5,0,-48.5,0,-48.4,0,-48.5,0,-48.6,0,-48.6,0,-48.6,0,-48.7,0,-48.7,0,-48.7,0,-48.8,0,-48.8,0,-48.9,0,-48.9,0,-48.9,0,-48.8,0,-48.8,0,-48.9,0,-48.6,0,-48.6,0,-49.0,0,-49.1,0,-49.1,0,-49.1,0,-49.1,0,-49.1,0,-49.2,0,-49.3,0,-49.3,0,-49.3,0,-49.3,0,-49.5,0,-49.5,0,-37.9,1,-47.3,0,-48.2,0,-48.9,0,-49.0,0,-49.5,0,-49.8,0,-49.7,0,-49.8,0,-49.9,0,-50.0,0,-50.0,0,-49.2,0,-50.0,0,-50.0,0,-50.0,0,-50.0,0,-50.0,0,-50.0,0,-50.0,0,-50.0,0,-50.0,0,-50.0,0,-50.0,0,-50.0,0,-50.0,0,-50.0,0,-50.0,0,-50.0,0,-50.0,0,-50.0,0,-50.0,0,-50.0,0,-50.0,0,-50.0,0,-50.0,0,-50.0,0,-50.0,0,-50.0,0,-50.0,0,-50.0,0,-50.0,0,-50.0,0,-50.0,0,-50.0,0,-50.0,0
aging,0,booster,18.0,0.0,-37.76,-7.63,-47.7,0,-47.8,0,-47.8,0,-47.8,0,-47.8,0,-47.8,0,-47.9,0,-47.9,0,-48.0,0,-48.0,0,-48.1,0,-48.1,0,-48.2,0,-48.2,0,-48.4,0,-48.4,0,-48.5,0,-48.5,0,-48.4,0,-48.5,0,-48.5,0,-48.6,0,-48.6,0,-48.6,0,-48.7,0,-48.7,0,-48.7,0,-48.8,0,-48.8,0,-48.9,0,-48.9,0,-48.8,0,-48.8,0,-48.9,0,-48.9,0,-48.6,0,-49.0,0,-49.0,0,-49.1,0,-49.1,0,-49.1,0,-49.1,0,-49.2,0,-49.3,0,-49.3,0,-49.3,0,-49.3,0,-49.5,0,-49.5,0,-49.2,0,-48.4,0,-48.3,0,-48.7,0,-48.5,0,-49.2,0,-49.7,0,-49.5,0,-49.0,0,-49.9,0,-49.8,0,-49.9,0,-48.5,0,-50.0,0,-50.0,0,-38.0,1,-48.3,0,-50.0,0,-50.0,0,-50.0,0,-50.0,0,-50.0,0,-50.0,0,-50.0,0,-50.0,0,-50.0,0,-50.0,0,-50.0,0,-50.0,0,-50.0,0,-50.0,0,-50.0,0,-50.0,0,-50.0,0,-50.0,0,-50.0,0,-50.0,0,-50.0,0,-50.0,0,-50.0,0,-50.0,0,-50.0,0,-50.0,0,-50.0,0,-50.0,0,-50.0,0
aging,0,booster,18.0,0.0,-37.81,-7.63,-47.7,0,-47.8,0,-47.8,0,-47.8,0,-47.8,0,-47.8,0,-47.9,0,-47.9,0,-48.0,0,-48.0,0,-48.1,0,-48.1,0,-48.2,0,-48.2,0,-48.3,0,-48.4,0,-48.4,0,-48.5,0,-48.3,0,-48.4,0,-48.5,0,-48.6,0,-48.5,0,-48.6,0,-48.6,0,-48.6,0,-48.7,0,-48.8,0,-48.8,0,-48.8,0,-48.8,0,-48.8,0,-48.8,0,-48.8,0,-48.3,0,-48.5,0,-48.9,0,-48.9,0,-49.0,0,-49.0,0,-49.0,0,-49.1,0,-49.1,0,-49.2,0,-49.3,0,-49.2,0,-49.2,0,-49.4,0,-49.3,0,-48.8,0,-48.3,0,-48.1,0,-48.5,0,-48.4,0,-49.1,0,-49.7,0,-49.4,0,-49.4,0,-49.9,0,-49.9,0,-50.0,0,-48.2,0,-50.0,0,-50.0,0,-50.0,0,-50.0,0,-50.0,0,-50.0,0,-50.0,0,-50.0,0,-50.0,0,-50.0,0,-50.0,0,-50.0,0,-50.0,0,-50.0,0,-50.0,0,-50.0,0,-50.0,0,-38.0,1,-49.3,0,-50.0,0,-50.0,0,-50.0,0,-50.0,0,-50.0,0,-50.0,0,-50.0,0,-50.0,0,-50.0,0,-50.0,0,-50.0,0,-50.0,0,-50.0,0,-50.0,0
aging,0,booster,18.0,0.0,-37.9,-7.64,-47.7,0,-47.8,0,-47.8,0,-47.8,0,-47.8,0,-47.8,0,-47.9,0,-47.9,0,-48.0,0,-48.0,0,-48.1,0,-48.1,0,-48.2,0,-48.2,0,-48.3,0,-48.4,0,-48.4,0,-48.4,0,-48.3,0,-48.4,0,-48.5,0,-48.5,0,-48.5,0,-48.6,0,-48.6,0,-48.6,0,-48.7,0,-48.7,0,-48.7,0,-48.8,0,-48.8,0,-48.7,0,-48.7,0,-48.8,0,-48.4,0,-48.6,0,-48.9,0,-48.9,0,-49.0,0,-49.0,0,-49.0,0,-49.0,0,-49.1,0,-49.2,0,-49.2,0,-49.2,0,-49.2,0,-49.4,0,-49.4,0,-49.4,0,-48.6,0,-48.3,0,-49.1,0,-48.7,0,-49.5,0,-49.7,0,-49.5,0,-49.6,0,-49.8,0,-49.9,0,-50.0,0,-48.4,0,-50.0,0,-50.0,0,-50.0,0,-50.0,0,-50.0,0,-50.0,0,-50.0,0,-50.0,0,-50.0,0,-50.0,0,-50.0,0,-50.0,0,-50.0,0,-50.0,0,-50.0,0,-50.0,0,-50.0,0,-50.0,0,-50.0,0,-50.0,0,-50.0,0,-50.0,0,-50.0,0,-50.0,0,-50.0,0,-50.0,0,-50.0,0,-50.0,0,-50.0,0,-50.0,0,-50.0,0,-50.0,0,-38.2,1
aging,0,booster,18.0,0.0,-30.92,-6.72,-49.0,0,-49.0,0,-49.0,0,-34.0,1,-33.9,1,-47.6,0,-49.2,0,-49.3,0,-49.3,0,-49.4,0,-49.4,0,-49.5,0,-49.5,0,-49.6,0,-49.7,0,-49.8,0,-49.8,0,-49.9,0,-49.8,0,-49.8,0,-49.9,0,-50.0,0,-50.0,0,-50.0,0,-50.0,0,-50.0,0,-50.0,0,-50.0,0,-50.0,0,-50.0,0,-50.0,0,-50.0,0,-50.0,0,-50.0,0,-49.4,0,-49.9,0,-50.0,0,-50.0,0,-50.0,0,-50.0,0,-50.0,0,-50.0,0,-50.0,0,-50.0,0,-50.0,0,-50.0,0,-50.0,0,-50.0,0,-50.0,0,-50.0,0,-49.7,0,-49.4,0,-50.0,0,-49.9,0,-50.0,0,-50.0,0,-50.0,0,-50.0,0,-50.0,0,-50.0,0,-50.0,0,-49.8,0,-50.0,0,-50.0,0,-50.0,0,-50.0,0,-50.0,0,-50.0,0,-50.0,0,-50.0,0,-50.0,0,-50.0,0,-50.0,0,-50.0,0,-50.0,0,-50.0,0,-50.0,0,-50.0,0,-50.0,0,-50.0,0,-50.0,0,-50.0,0,-50.0,0,-50.0,0,-50.0,0,-50.0,0,-50.0,0,-50.0,0,-50.0,0,-50.0,0,-50.0,0,-50.0,0,-50.0,0,-50.0,0,-50.0,0
aging,0,booster,18.0,0.0,-30.99,-6.73,-48.9,0,-49.0,0,-49.0,0,-49.0,0,-49.0,0,-49.1,0,-49.1,0,-49.2,0,-49.3,0,-49.3,0,-49.4,0,-49.5,0,-49.5,0,-49.6,0,-49.7,0,-49.7,0,-49.8,0,-49.7,0,-34.1,1,-34.1,1,-48.6,0,-50.0,0,-49.9,0,-50.0,0,-50.0,0,-50.0,0,-50.0,0,-50.0,0,-50.0,0,-50.0,0,-50.0,0,-50.0,0,-50.0,0,-50.0,0,-49.4,0,-49.7,0,-50.0,0,-50.0,0,-50.0,0,-50.0,0,-50.0,0,-50.0,0,-50.0,0,-50.0,0,-50.0,0,-50.0,0,-50.0,0,-50.0,0,-50.0,0,-50.0,0,-49.7,0,-49.4,0,-50.0,0,-49.9,0,-50.0,0,-50.0,0,-50.0,0,-50.0,0,-50.0,0,-50.0,0,-50.0,0,-49.3,0,-50.0,0,-50.0,0,-50.0,0,-50.0,0,-50.0,0,-50.0,0,-50.0,0,-50.0,0,-50.0,0,-50.0,0,-50.0,0,-50.0,0,-50.0,0,-50.0,0,-50.0,0,-50.0,0,-50.0,0,-50.0,0,-50.0,0,-50.0,0,-50.0,0,-50.0,0,-50.0,0,-50.0,0,-50.0,0,-50.0,0,-50.0,0,-50.0,0,-50.0,0,-50.0,0,-50.0,0,-50.0,0,-50.0,0
aging,0,booster,18.0,0.0,-30.52,-6.62,-49.1,0,-49.1,0,-49.2,0,-49.2,0,-49.1,0,-49.2,0,-49.3,0,-49.4,0,-49.4,0,-49.5,0,-49.6,0,-49.6,0,-49.7,0,-49.7,0,-49.9,0,-49.9,0,-50.0,0,-50.0,0,-49.9,0,-50.0,0,-50.0,0,-50.0,0,-50.0,0,-50.0,0,-50.0,0,-50.0,0,-50.0,0,-50.0,0,-50.0,0,-50.0,0,-50.0,0,-50.0,0,-50.0,0,-33.5,1,-33.5,1,-48.2,0,-50.0,0,-50.0,0,-50.0,0,-50.0,0,-50.0,0,-50.0,0,-50.0,0,-50.0,0,-50.0,0,-50.0,0,-50.0,0,-50.0,0,-50.0,0,-50.0,0,-50.0,0,-49.6,0,-50.0,0,-50.0,0,-50.0,0,-50.0,0,-50.0,0,-50.0,0,-50.0,0,-50.0,0,-50.0,0,-50.0,0,-50.0,0,-50.0,0,-50.0,0,-50.0,0,-50.0,0,-50.0,0,-50.0,0,-50.0,0,-50.0,0,-50.0,0,-50.0,0,-50.0,0,-50.0,0,-50.0,0,-50.0,0,-50.0,0,-50.0,0,-50.0,0,-50.0,0,-50.0,0,-50.0,0,-50.0,0,-50.0,0,-50.0,0,-50.0,0,-50.0,0,-50.0,0,-50.0,0,-50.0,0,-50.0,0,-50.0,0,-50.0,0,-50.0,0
aging,0,booster,18.0,0.0,-30.98,-6.73,-48.9,0,-49.0,0,-49.0,0,-49.1,0,-49.0,0,-49.1,0,-49.1,0,-49.2,0,-49.3,0,-49.3,0,-49.4,0,-49.5,0,-49.5,0,-49.6,0,-49.7,0,-49.7,0,-49.8,0,-49.9,0,-49.7,0,-49.8,0,-49.9,0,-50.0,0,-49.9,0,-50.0,0,-50.0,0,-50.0,0,-50.0,0,-50.0,0,-50.0,0,-50.0,0,-50.0,0,-50.0,0,-50.0,0,-50.0,0,-49.7,0,-50.0,0,-50.0,0,-50.0,0,-50.0,0,-50.0,0,-50.0,0,-50.0,0,-50.0,0,-50.0,0,-50.0,0,-50.0,0,-50.0,0,-50.0,0,-34.0,1,-34.1,1,-48.0,0,-49.5,0,-50.0,0,-50.0,0,-50.0,0,-50.0,0,-50.0,0,-50.0,0,-50.0,0,-50.0,0,-50.0,0,-50.0,0,-50.0,0,-50.0,0,-50.0,0,-50.0,0,-50.0,0,-50.0,0,-50.0,0,-50.0,0,-50.0,0,-50.0,0,-50.0,0,-50.0,0,-50.0,0,-50.0,0,-50.0,0,-50.0,0,-50.0,0,-50.0,0,-50.0,0,-50.0,0,-50.0,0,-50.0,0,-50.0,0,-50.0,0,-50.0,0,-50.0,0,-50.0,0,-50.0,0,-50.0,0,-50.0,0,-50.0,0,-50.0,0,-50.0,0
aging,0,booster,18.0,0.0,-30.86,-6.7,-48.9,0,-49.0,0,-49.0,0,-49.1,0,-49.0,0,-49.1,0,-49.2,0,-49.2,0,-49.3,0,-49.3,0,-49.4,0,-49.5,0,-49.5,0,-49.6,0,-49.7,0,-49.7,0,-49.8,0,-49.9,0,-49.7,0,-49.8,0,-49.9,0,-50.0,0,-49.9,0,-50.0,0,-50.0,0,-50.0,0,-50.0,0,-50.0,0,-50.0,0,-50.0,0,-50.0,0,-50.0,0,-50.0,0,-50.0,0,-50.0,0,-50.0,0,-50.0,0,-50.0,0,-50.0,0,-50.0,0,-50.0,0,-50.0,0,-50.0,0,-50.0,0,-50.0,0,-50.0,0,-50.0,0,-50.0,0,-50.0,0,-50.0,0,-50.0,0,-50.0,0,-50.0,0,-50.0,0,-50.0,0,-50.0,0,-50.0,0,-50.0,0,-50.0,0,-50.0,0,-50.0,0,-50.0,0,-50.0,0,-34.0,1,-34.0,1,-49.5,0,-50.0,0,-50.0,0,-50.0,0,-50.0,0,-50.0,0,-50.0,0,-50.0,0,-50.0,0,-50.0,0,-50.0,0,-50.0,0,-50.0,0,-50.0,0,-50.0,0,-50.0,0,-50.0,0,-50.0,0,-50.0,0,-50.0,0,-50.0,0,-50.0,0,-50.0,0,-50.0,0,-50.0,0,-50.0,0,-50.0,0,-50.0,0,-50.0,0,-50.0,0
aging,0,booster,18.0,0.0,-30.46,-6.6,-49.0,0,-49.1,0,-49.1,0,-49.2,0,-49.1,0,-49.2,0,-49.3,0,-49.3,0,-49.4,0,-49.4,0,-49.5,0,-49.6,0,-49.6,0,-49.7,0,-49.8,0,-49.9,0,-49.9,0,-50.0,0,-49.8,0,-49.9,0,-50.0,0,-50.0,0,-50.0,0,-50.0,0,-50.0,0,-50.0,0,-50.0,0,-50.0,0,-50.0,0,-50.0,0,-50.0,0,-50.0,0,-50.0,0,-50.0,0,-50.0,0,-50.0,0,-50.0,0,-50.0,0,-50.0,0,-50.0,0,-50.0,0,-50.0,0,-50.0,0,-50.0,0,-50.0,0,-50.0,0,-50.0,0,-50.0,0,-50.0,0,-50.0,0,-50.0,0,-50.0,0,-50.0,0,-50.0,0,-50.0,0,-50.0,0,-50.0,0,-50.0,0,-50.0,0,-50.0,0,-50.0,0,-50.0,0,-50.0,0,-50.0,0,-50.0,0,-50.0,0,-50.0,0,-50.0,0,-50.0,0,-50.0,0,-50.0,0,-50.0,0,-50.0,0,-50.0,0,-50.0,0,-50.0,0,-50.0,0,-50.0,0,-33.6,1,-33.5,1,-50.0,0,-50.0,0,-50.0,0,-50.0,0,-50.0,0,-50.0,0,-50.0,0,-50.0,0,-50.0,0,-50.0,0,-50.0,0,-50.0,0,-50.0,0,-50.0,0,-50.0,0
aging,0,booster,18.0,0.0,-30.98,-6.73,-49.6,0,-49.7,0,-49.7,0,-49.8,0,-49.7,0,-49.8,0,-49.9,0,-49.9,0,-50.0,0,-50.0,0,-50.0,0,-50.0,0,-50.0,0,-50.0,0,-50.0,0,-50.0,0,-50.0,0,-50.0,0,-50.0,0,-50.0,0,-50.0,0,-50.0,0,-50.0,0,-50.0,0,-50.0,0,-50.0,0,-50.0,0,-50.0,0,-50.0,0,-50.0,0,-50.0,0,-50.0,0,-50.0,0,-50.0,0,-50.0,0,-50.0,0,-50.0,0,-50.0,0,-50.0,0,-50.0,0,-50.0,0,-50.0,0,-50.0,0,-50.0,0,-50.0,0,-50.0,0,-50.0,0,-50.0,0,-50.0,0,-50.0,0,-50.0,0,-50.0,0,-50.0,0,-50.0,0,-50.0,0,-50.0,0,-50.0,0,-50.0,0,-50.0,0,-50.0,0,-50.0,0,-50.0,0,-50.0,0,-50.0,0,-50.0,0,-50.0,0,-50.0,0,-50.0,0,-50.0,0,-50.0,0,-50.0,0,-50.0,0,-50.0,0,-50.0,0,-50.0,0,-50.0,0,-50.0,0,-50.0,0,-50.0,0,-50.0,0,-50.0,0,-50.0,0,-50.0,0,-50.0,0,-50.0,0,-50.0,0,-50.0,0,-50.0,0,-50.0,0,-50.0,0,-50.0,0,-50.0,0,-50.0,0,-34.1,1,-34.1,1
aging,0,booster,18.0,0.0,-34.95,-7.39,-47.7,0,-47.8,0,-47.9,0,-37.8,1,-37.8,1,-46.9,0,-47.9,0,-47.9,0,-48.0,0,-48.0,0,-48.1,0,-48.2,0,-48.2,0,-48.3,0,-48.4,0,-48.4,0,-48.5,0,-48.6,0,-48.4,0,-48.5,0,-48.6,0,-48.7,0,-48.7,0,-48.7,0,-48.7,0,-48.7,0,-48.8,0,-48.9,0,-48.9,0,-48.9,0,-48.9,0,-48.9,0,-48.9,0,-48.9,0,-48.9,0,-48.9,0,-49.0,0,-49.1,0,-49.1,0,-49.1,0,-49.2,0,-49.2,0,-49.0,0,-49.3,0,-49.4,0,-49.3,0,-49.4,0,-49.5,0,-49.6,0,-49.7,0,-48.7,0,-49.0,0,-49.6,0,-49.1,0,-49.8,0,-49.9,0,-49.8,0,-49.7,0,-50.0,0,-49.9,0,-50.0,0,-49.7,0,-50.0,0,-50.0,0,-50.0,0,-50.0,0,-50.0,0,-50.0,0,-50.0,0,-50.0,0,-50.0,0,-50.0,0,-50.0,0,-50.0,0,-50.0,0,-50.0,0,-50.0,0,-50.0,0,-50.0,0,-50.0,0,-50.0,0,-50.0,0,-50.0,0,-50.0,0,-50.0,0,-50.0,0,-50.0,0,-50.0,0,-50.0,0,-50.0,0,-50.0,0,-50.0,0,-50.0,0,-50.0,0,-50.0,0
aging,0,booster,18.0,0.0,-35.08,-7.41,-47.7,0,-47.8,0,-47.8,0,-47.8,0,-47.8,0,-47.8,0,-47.9,0,-47.9,0,-48.0,0,-48.0,0,-48.1,0,-48.1,0,-48.2,0,-48.2,0,-48.4,0,-48.4,0,-48.5,0,-48.5,0,-38.0,1,-38.0,1,-47.7,0,-48.6,0,-48.6,0,-48.7,0,-48.7,0,-48.7,0,-48.7,0,-48.8,0,-48.8,0,-48.9,0,-48.9,0,-48.8,0,-48.8,0,-48.9,0,-48.9,0,-48.8,0,-49.0,0,-49.0,0,-49.1,0,-49.1,0,-49.1,0,-49.1,0,-49.2,0,-49.3,0,-49.3,0,-49.3,0,-49.3,0,-49.5,0,-49.5,0,-49.6,0,-48.7,0,-49.0,0,-49.5,0,-48.9,0,-49.7,0,-49.8,0,-49.8,0,-49.7,0,-49.9,0,-50.0,0,-50.0,0,-49.4,0,-50.0,0,-50.0,0,-50.0,0,-50.0,0,-50.0,0,-50.0,0,-50.0,0,-50.0,0,-50.0,0,-50.0,0,-50.0,0,-50.0,0,-50.0,0,-50.0,0,-50.0,0,-50.0,0,-50.0,0,-50.0,0,-50.0,0,-50.0,0,-50.0,0,-50.0,0,-50.0,0,-50.0,0,-50.0,0,-50.0,0,-50.0,0,-50.0,0,-50.0,0,-50.0,0,-50.0,0,-50.0,0,-50.0,0
aging,0,booster,18.0,0.0,-34.54,-7.35,-47.7,0,-47.8,0,-47.8,0,-47.9,0,-47.8,0,-47.9,0,-48.0,0,-48.0,0,-48.1,0,-48.1,0,-48.2,0,-48.3,0,-48.3,0,-48.4,0,-48.5,0,-48.5,0,-48.6,0,-48.7,0,-48.5,0,-48.6,0,-48.7,0,-48.8,0,-48.8,0,-48.8,0,-48.8,0,-48.8,0,-48.9,0,-49.0,0,-49.0,0,-49.0,0,-49.1,0,-49.0,0,-49.0,0,-37.5,1,-37.4,1,-47.4,0,-49.1,0,-49.2,0,-49.2,0,-49.2,0,-49.3,0,-49.3,0,-49.3,0,-49.4,0,-49.5,0,-49.4,0,-49.5,0,-49.6,0,-49.7,0,-49.8,0,-48.9,0,-49.1,0,-49.6,0,-49.0,0,-49.9,0,-50.0,0,-49.9,0,-49.7,0,-50.0,0,-50.0,0,-50.0,0,-49.5,0,-50.0,0,-50.0,0,-50.0,0,-50.0,0,-50.0,0,-50.0,0,-50.0,0,-50.0,0,-50.0,0,-50.0,0,-50.0,0,-50.0,0,-50.0,0,-50.0,0,-50.0,0,-50.0,0,-50.0,0,-50.0,0,-50.0,0,-50.0,0,-50.0,0,-50.0,0,-50.0,0,-50.0,0,-50.0,0,-50.0,0,-50.0,0,-50.0,0,-50.0,0,-50.0,0,-50.0,0,-50.0,0,-50.0,0
aging,0,booster,18.0,0.0,-34.9,-7.39,-47.7,0,-47.8,0,-47.8,0,-47.8,0,-47.8,0,-47.8,0,-47.9,0,-47.9,0,-48.0,0,-48.0,0,-48.1,0,-48.2,0,-48.2,0,-48.3,0,-48.4,0,-48.4,0,-48.5,0,-48.6,0,-48.4,0,-48.5,0,-48.6,0,-48.7,0,-48.6,0,-48.7,0,-48.7,0,-48.7,0,-48.8,0,-48.8,0,-48.9,0,-48.9,0,-48.9,0,-48.9,0,-48.9,0,-48.9,0,-48.9,0,-48.8,0,-49.0,0,-49.1,0,-49.1,0,-49.1,0,-49.1,0,-49.2,0,-49.2,0,-49.3,0,-49.4,0,-49.3,0,-49.3,0,-49.5,0,-37.8,1,-37.8,1,-47.2,0,-48.8,0,-49.5,0,-48.8,0,-49.8,0,-49.9,0,-49.8,0,-49.6,0,-50.0,0,-50.0,0,-50.0,0,-49.0,0,-50.0,0,-50.0,0,-50.0,0,-50.0,0,-50.0,0,-50.0,0,-50.0,0,-50.0,0,-50.0,0,-50.0,0,-50.0,0,-50.0,0,-50.0,0,-50.0,0,-50.0,0,-50.0,0,-50.0,0,-50.0,0,-50.0,0,-50.0,0,-50.0,0,-50.0,0,-50.0,0,-50.0,0,-50.0,0,-50.0,0,-50.0,0,-50.0,0,-50.0,0,-50.0,0,-50.0,0,-50.0,0,-50.0,0
aging,0,booster,18.0,0.0,-34.67,-7.36,-47.7,0,-47.8,0,-47.8,0,-47.8,0,-47.8,0,-47.8,0,-47.9,0,-48.0,0,-48.0,0,-48.1,0,-48.1,0,-48.2,0,-48.2,0,-48.3,0,-48.4,0,-48.5,0,-48.5,0,-48.6,0,-48.5,0,-48.5,0,-48.6,0,-48.7,0,-48.7,0,-48.7,0,-48.7,0,-48.8,0,-48.8,0,-48.9,0,-48.9,0,-48.9,0,-49.0,0,-48.9,0,-48.9,0,-49.0,0,-49.0,0,-48.9,0,-49.0,0,-49.1,0,-49.1,0,-49.2,0,-49.2,0,-49.2,0,-49.2,0,-49.4,0,-49.4,0,-49.4,0,-49.4,0,-49.5,0,-49.6,0,-49.6,0,-48.8,0,-49.0,0,-49.6,0,-49.0,0,-49.8,0,-49.9,0,-49.9,0,-49.7,0,-50.0,0,-50.0,0,-50.0,0,-49.3,0,-50.0,0,-37.7,1,-37.8,1,-48.6,0,-50.0,0,-50.0,0,-50.0,0,-50.0,0,-50.0,0,-50.0,0,-50.0,0,-50.0,0,-50.0,0,-50.0,0,-50.0,0,-50.0,0,-50.0,0,-50.0,0,-50.0,0,-50.0,0,-50.0,0,-50.0,0,-50.0,0,-50.0,0,-50.0,0,-50.0,0,-50.0,0,-50.0,0,-50.0,0,-50.0,0,-50.0,0,-50.0,0,-50.0,0
aging,0,booster,18.0,0.0,-34.35,-7.32,-47.7,0,-47.8,0,-47.8,0,-47.9,0,-47.8,0,-47.9,0,-48.0,0,-48.0,0,-48.1,0,-48.1,0,-48.2,0,-48.3,0,-48.3,0,-48.4,0,-48.5,0,-48.5,0,-48.6,0,-48.7,0,-48.5,0,-48.6,0,-48.7,0,-48.8,0,-48.8,0,-48.8,0,-48.8,0,-48.8,0,-48.9,0,-49.0,0,-49.0,0,-49.0,0,-49.0,0,-49.0,0,-49.0,0,-49.0,0,-48.8,0,-48.8,0,-49.1,0,-49.2,0,-49.2,0,-49.2,0,-49.3,0,-49.3,0,-49.3,0,-49.4,0,-49.5,0,-49.4,0,-49.5,0,-49.6,0,-49.7,0,-49.7,0,-48.8,0,-48.9,0,-49.6,0,-48.8,0,-49.9,0,-50.0,0,-49.8,0,-49.7,0,-50.0,0,-50.0,0,-50.0,0,-49.3,0,-50.0,0,-50.0,0,-50.0,0,-50.0,0,-50.0,0,-50.0,0,-50.0,0,-50.0,0,-50.0,0,-50.0,0,-50.0,0,-50.0,0,-50.0,0,-50.0,0,-50.0,0,-50.0,0,-37.4,1,-37.5,1,-49.5,0,-50.0,0,-50.0,0,-50.0,0,-50.0,0,-50.0,0,-50.0,0,-50.0,0,-50.0,0,-50.0,0,-50.0,0,-50.0,0,-50.0,0,-50.0,0,-50.0,0
aging,0,booster,18.0,0.0,-34.95,-7.39,-48.3,0,-48.4,0,-48.4,0,-48.5,0,-48.4,0,-48.5,0,-48.5,0,-48.6,0,-48.7,0,-48.7,0,-48.8,0,-48.9,0,-48.9,0,-49.0,0,-49.1,0,-49.1,0,-49.2,0,-49.3,0,-49.1,0,-49.2,0,-49.3,0,-49.4,0,-49.3,0,-49.4,0,-49.4,0,-49.4,0,-49.5,0,-49.5,0,-49.6,0,-49.6,0,-49.6,0,-49.6,0,-49.6,0,-49.6,0,-49.2,0,-49.5,0,-49.7,0,-49.8,0,-49.8,0,-49.8,0,-49.8,0,-49.9,0,-49.9,0,-50.0,0,-50.0,0,-50.0,0,-50.0,0,-50.0,0,-50.0,0,-50.0,0,-49.3,0,-49.0,0,-50.0,0,-49.4,0,-50.0,0,-50.0,0,-50.0,0,-50.0,0,-50.0,0,-50.0,0,-50.0,0,-49.4,0,-50.0,0,-50.0,0,-50.0,0,-50.0,0,-50.0,0,-50.0,0,-50.0,0,-50.0,0,-50.0,0,-50.0,0,-50.0,0,-50.0,0,-50.0,0,-50.0,0,-50.0,0,-50.0,0,-50.0,0,-50.0,0,-50.0,0,-50.0,0,-50.0,0,-50.0,0,-50.0,0,-50.0,0,-50.0,0,-50.0,0,-50.0,0,-50.0,0,-50.0,0,-50.0,0,-50.0,0,-38.0,1,-38.0,1
aging,1,booster,18.0,0.0,-13.99,4.26,-35.5,1,-33.8,1,-33.2,1,-33.3,1,-33.3,1,-33.3,1,-33.3,1,-33.3,1,-33.3,1,-33.3,1,-33.3,1,-33.3,1,-33.3,1,-33.3,1,-33.3,1,-33.3,1,-33.3,1,-33.3,1,-33.3,1,-33.3,1,-33.4,1,-33.3,1,-33.3,1,-33.3,1,-33.3,1,-33.3,1,-33.4,1,-33.4,1,-33.3,1,-33.2,1,-33.2,1,-33.4,1,-33.3,1,-33.2,1,-33.3,1,-33.3,1,-33.3,1,-33.3,1,-33.3,1,-33.4,1,-33.3,1,-33.3,1,-33.3,1,-33.3,1,-33.2,1,-33.3,1,-33.3,1,-33.3,1,-33.3,1,-33.4,1,-33.4,1,-33.3,1,-33.3,1,-33.3,1,-33.3,1,-33.4,1,-33.3,1,-33.3,1,-33.3,1,-33.4,1,-33.3,1,-33.1,1,-33.3,1,-33.3,1,-33.3,1,-33.3,1,-33.2,1,-33.2,1,-33.2,1,-33.2,1,-33.3,1,-33.3,1,-33.3,1,-33.3,1,-33.2,1,-33.3,1,-33.1,1,-33.3,1,-33.2,1,-33.3,1,-33.3,1,-33.2,1,-33.3,1,-33.3,1,-33.2,1,-33.3,1,-33.3,1,-33.3,1,-33.2,1,-33.3,1,-33.3,1,-33.2,1,-33.3,1,-33.3,1,-33.3,1
aging,1,booster,18.0,0.0,-14.98,3.36,-35.5,1,-34.6,1,-34.1,1,-34.1,1,-34.1,1,-34.1,1,-34.1,1,-34.1,1,-34.1,1,-34.1,1,-34.1,1,-34.1,1,-34.1,1,-34.1,1,-34.2,1,-34.2,1,-34.2,1,-34.1,1,-34.1,1,-34.1,1,-34.2,1,-34.2,1,-34.2,1,-34.2,1,-34.1,1,-34.2,1,-34.2,1,-34.2,1,-34.2,1,-34.2,1,-34.1,1,-34.2,1,-34.2,1,-34.1,1,-34.2,1,-34.2,1,-34.1,1,-34.2,1,-34.2,1,-34.2,1,-34.2,1,-34.2,1,-34.0,1,-34.2,1,-34.1,1,-34.2,1,-34.1,1,-34.1,1,-34.1,1,-34.1,1,-34.2,1,-34.1,1,-34.2,1,-34.1,1,-34.0,1,-34.1,1,-34.2,1,-34.2,1,-34.1,1,-34.1,1,-34.2,1,-34.1,1,-34.2,1,-34.2,1,-34.2,1,-34.1,1,-34.0,1,-34.2,1,-34.1,1,-34.1,1,-34.0,1,-34.1,1,-34.1,1,-34.1,1,-34.1,1,-34.1,1,-34.0,1,-34.0,1,-34.0,1,-34.1,1,-34.1,1,-34.0,1,-34.0,1,-34.0,1,-34.0,1,-34.1,1,-34.1,1,-34.1,1,-34.0,1,-34.1,1,-34.1,1,-34.1,1,-34.1,1,-34.1,1,-34.1,1
aging,1,booster,18.0,0.0,-16.02,2.4,-36.2,1,-35.5,1,-35.0,1,-35.0,1,-35.0,1,-35.0,1,-35.1,1,-35.0,1,-35.0,1,-35.0,1,-35.0,1,-35.0,1,-35.0,1,-35.0,1,-35.0,1,-35.1,1,-35.1,1,-35.1,1,-35.0,1,-35.1,1,-35.1,1,-35.1,1,-35.1,1,-35.1,1,-35.1,1,-35.1,1,-35.1,1,-35.0,1,-35.0,1,-35.0,1,-35.0,1,-35.2,1,-35.0,1,-35.0,1,-35.0,1,-35.2,1,-35.0,1,-35.1,1,-35.1,1,-35.2,1,-35.1,1,-35.0,1,-35.1,1,-35.0,1,-35.0,1,-35.1,1,-35.1,1,-35.0,1,-35.1,1,-35.1,1,-35.2,1,-35.1,1,-35.1,1,-35.0,1,-35.0,1,-35.1,1,-35.1,1,-35.1,1,-35.0,1,-35.1,1,-35.1,1,-34.9,1,-35.0,1,-35.0,1,-35.0,1,-35.0,1,-34.9,1,-34.9,1,-35.0,1,-35.0,1,-35.0,1,-35.0,1,-35.0,1,-35.0,1,-34.9,1,-35.0,1,-34.9,1,-35.0,1,-34.9,1,-35.0,1,-35.0,1,-35.1,1,-35.0,1,-35.0,1,-34.9,1,-35.0,1,-35.0,1,-35.0,1,-35.0,1,-35.1,1,-35.1,1,-35.0,1,-35.1,1,-35.1,1,-35.0,1
aging,1,booster,18.0,0.0,-17.13,1.39,-37.0,1,-36.4,1,-35.8,1,-35.7,1,-35.8,1,-35.9,1,-35.9,1,-35.8,1,-35.7,1,-35.8,1,-35.8,1,-35.9,1,-35.9,1,-35.8,1,-35.9,1,-35.8,1,-35.8,1,-35.9,1,-35.8,1,-35.8,1,-35.9,1,-35.8,1,-35.9,1,-35.9,1,-35.8,1,-35.9,1,-35.9,1,-35.9,1,-36.0,1,-35.9,1,-35.8,1,-36.0,1,-35.8,1,-35.8,1,-35.9,1,-36.0,1,-36.0,1,-36.0,1,-35.9,1,-36.0,1,-36.0,1,-35.9,1,-35.9,1,-35.9,1,-35.8,1,-35.9,1,-35.9,1,-35.8,1,-36.0,1,-35.9,1,-35.9,1,-35.9,1,-35.9,1,-35.9,1,-35.9,1,-35.9,1,-36.0,1,-35.9,1,-35.8,1,-36.0,1,-35.9,1,-35.7,1,-35.9,1,-35.9,1,-35.9,1,-36.0,1,-35.8,1,-35.9,1,-35.9,1,-35.9,1,-35.9,1,-35.9,1,-35.9,1,-35.8,1,-35.8,1,-35.9,1,-35.7,1,-35.8,1,-35.7,1,-35.8,1,-35.9,1,-35.9,1,-35.9,1,-35.9,1,-35.8,1,-35.8,1,-35.9,1,-36.0,1,-35.9,1,-35.9,1,-35.8,1,-35.9,1,-35.9,1,-36.0,1,-35.9,1
aging,1,booster,18.0,0.0,-18.02,0.63,-37.6,1,-37.0,1,-36.5,1,-36.4,1,-36.4,1,-36.5,1,-36.4,1,-36.5,1,-36.4,1,-36.5,1,-36.4,1,-36.4,1,-36.4,1,-36.4,1,-36.5,1,-36.5,1,-36.5,1,-36.5,1,-36.4,1,-36.5,1,-36.6,1,-36.4,1,-36.5,1,-36.5,1,-36.5,1,-36.5,1,-36.6,1,-36.5,1,-36.6,1,-36.5,1,-36.4,1,-36.6,1,-36.5,1,-36.4,1,-36.4,1,-36.6,1,-36.6,1,-36.6,1,-36.7,1,-36.6,1,-36.5,1,-36.5,1,-36.6,1,-36.4,1,-36.4,1,-36.5,1,-36.5,1,-36.5,1,-36.6,1,-36.5,1,-36.7,1,-36.6,1,-36.6,1,-36.5,1,-36.6,1,-36.7,1,-36.6,1,-36.5,1,-36.5,1,-36.6,1,-36.6,1,-36.5,1,-36.6,1,-36.6,1,-36.6,1,-36.7,1,-36.4,1,-36.5,1,-36.6,1,-36.6,1,-36.6,1,-36.5,1,-36.5,1,-36.5,1,-36.4,1,-36.5,1,-36.3,1,-36.5,1,-36.5,1,-36.5,1,-36.5,1,-36.5,1,-36.5,1,-36.5,1,-36.4,1,-36.5,1,-36.6,1,-36.7,1,-36.5,1,-36.6,1,-36.6,1,-36.6,1,-36.6,1,-36.7,1,-36.5,1
aging,1,booster,18.0,0.0,-16.93,1.58,-35.5,1,-40.2,0,-33.3,1,-40.1,0,-33.4,1,-40.1,0,-33.3,1,-40.1,0,-33.2,1,-40.2,0,-33.3,1,-40.3,0,-33.3,1,-40.3,0,-33.3,1,-40.4,0,-33.4,1,-40.5,0,-33.3,1,-40.5,0,-33.4,1,-40.6,0,-33.4,1,-40.6,0,-33.4,1,-40.8,0,-33.3,1,-40.8,0,-33.3,1,-40.9,0,-33.2,1,-40.9,0,-33.4,1,-40.9,0,-33.2,1,-41.1,0,-33.3,1,-41.2,0,-33.4,1,-41.2,0,-33.3,1,-41.3,0,-33.2,1,-41.3,0,-33.3,1,-41.3,0,-33.2,1,-41.3,0,-33.3,1,-41.5,0,-33.4,1,-41.6,0,-33.3,1,-41.6,0,-33.3,1,-41.7,0,-33.4,1,-41.7,0,-33.3,1,-41.8,0,-33.3,1,-42.0,0,-33.3,1,-42.0,0,-33.2,1,-42.0,0,-33.1,1,-42.3,0,-33.3,1,-42.4,0,-33.3,1,-42.4,0,-33.3,1,-42.5,0,-33.3,1,-42.7,0,-33.1,1,-42.8,0,-33.2,1,-43.0,0,-33.3,1,-43.1,0,-33.2,1,-43.1,0,-33.3,1,-43.3,0,-33.3,1,-43.5,0,-33.2,1,-43.2,0,-33.3,1,-43.6,0,-33.3,1,-43.8,0,-33.2,1
aging,1,booster,18.0,0.0,-21.14,-1.91,-37.8,1,-40.4,0,-36.6,1,-40.4,0,-36.6,1,-40.4,0,-36.6,1,-40.5,0,-36.5,1,-40.5,0,-36.6,1,-40.6,0,-36.6,1,-40.6,0,-36.6,1,-40.7,0,-36.6,1,-40.8,0,-36.6,1,-40.8,0,-36.8,1,-40.9,0,-36.6,1,-41.0,0,-36.7,1,-41.0,0,-36.7,1,-41.1,0,-36.7,1,-41.2,0,-36.6,1,-41.2,0,-36.7,1,-41.2,0,-36.5,1,-41.4,0,-36.8,1,-41.5,0,-36.9,1,-41.5,0,-36.8,1,-41.5,0,-36.7,1,-41.6,0,-36.6,1,-41.6,0,-36.7,1,-41.6,0,-36.7,1,-41.7,0,-36.9,1,-41.7,0,-36.8,1,-41.8,0,-36.7,1,-41.8,0,-36.7,1,-41.8,0,-36.7,1,-42.0,0,-36.7,1,-42.0,0,-36.8,1,-42.1,0,-36.8,1,-42.1,0,-36.7,1,-42.3,0,-36.7,1,-42.3,0,-36.7,1,-42.4,0,-36.7,1,-42.4,0,-36.5,1,-42.5,0,-36.5,1,-42.6,0,-36.6,1,-42.7,0,-36.7,1,-42.8,0,-36.6,1,-42.8,0,-36.6,1,-42.9,0,-36.7,1,-43.0,0,-36.7,1,-42.8,0,-36.7,1,-43.2,0,-36.8,1,-43.4,0,-36.7,1
aging,1,booster,18.0,0.0,-17.27,1.27,-40.5,0,-34.0,1,-40.3,0,-33.6,1,-40.2,0,-33.6,1,-40.3,0,-33.6,1,-40.4,0,-33.6,1,-40.4,0,-33.5,1,-40.5,0,-33.6,1,-40.6,0,-33.6,1,-40.6,0,-33.5,1,-40.6,0,-33.6,1,-40.7,0,-33.5,1,-40.8,0,-33.6,1,-40.8,0,-33.6,1,-40.9,0,-33.6,1,-41.0,0,-33.6,1,-41.0,0,-33.6,1,-41.1,0,-33.5,1,-41.1,0,-33.6,1,-41.3,0,-33.7,1,-41.3,0,-33.6,1,-41.4,0,-33.6,1,-41.4,0,-33.5,1,-41.4,0,-33.6,1,-41.5,0,-33.5,1,-41.4,0,-33.6,1,-41.5,0,-33.5,1,-41.7,0,-33.6,1,-41.7,0,-33.7,1,-41.9,0,-33.5,1,-41.9,0,-33.7,1,-42.0,0,-33.5,1,-42.0,0,-33.5,1,-42.1,0,-33.6,1,-42.3,0,-33.5,1,-42.5,0,-33.5,1,-42.5,0,-33.6,1,-42.6,0,-33.5,1,-42.6,0,-33.6,1,-42.8,0,-33.5,1,-42.9,0,-33.5,1,-43.1,0,-33.5,1,-43.2,0,-33.6,1,-43.3,0,-33.4,1,-43.4,0,-33.6,1,-43.0,0,-33.5,1,-43.6,0,-33.5,1,-43.7,0,-33.6,1,-44.0,0
aging,1,booster,18.0,0.0,-21.44,-2.12,-40.7,0,-37.3,1,-40.6,0,-36.8,1,-40.5,0,-36.9,1,-40.7,0,-36.8,1,-40.7,0,-36.8,1,-40.8,0,-36.8,1,-40.8,0,-36.8,1,-40.9,0,-36.9,1,-41.0,0,-36.9,1,-41.0,0,-36.9,1,-41.0,0,-36.9,1,-41.2,0,-36.9,1,-41.2,0,-36.9,1,-41.3,0,-37.0,1,-41.3,0,-36.9,1,-41.4,0,-37.0,1,-41.4,0,-36.8,1,-41.5,0,-36.9,1,-41.6,0,-37.0,1,-41.6,0,-37.0,1,-41.7,0,-36.9,1,-41.7,0,-36.7,1,-41.8,0,-36.9,1,-41.8,0,-36.8,1,-41.7,0,-36.9,1,-41.8,0,-36.9,1,-41.9,0,-36.9,1,-41.9,0,-36.9,1,-42.0,0,-36.9,1,-42.0,0,-37.0,1,-42.2,0,-36.9,1,-42.2,0,-36.9,1,-42.2,0,-37.1,1,-42.3,0,-36.9,1,-42.4,0,-37.0,1,-42.5,0,-36.9,1,-42.5,0,-36.9,1,-42.6,0,-36.9,1,-42.7,0,-36.8,1,-42.8,0,-36.9,1,-42.9,0,-37.0,1,-43.0,0,-36.9,1,-43.1,0,-36.8,1,-43.1,0,-37.1,1,-42.9,0,-36.9,1,-43.3,0,-37.0,1,-43.4,0,-37.0,1,-43.5,0
aging,1,booster,18.0,0.0,-17.23,1.32,-35.6,1,-34.0,1,-33.5,1,-33.5,1,-33.5,1,-33.5,1,-33.4,1,-33.5,1,-33.5,1,-33.5,1,-33.4,1,-33.4,1,-33.5,1,-33.5,1,-33.5,1,-33.5,1,-33.5,1,-33.5,1,-33.5,1,-33.5,1,-33.6,1,-33.5,1,-33.5,1,-33.5,1,-33.6,1,-33.5,1,-33.5,1,-33.6,1,-33.5,1,-33.5,1,-33.4,1,-33.5,1,-33.6,1,-33.4,1,-33.4,1,-33.5,1,-33.6,1,-33.6,1,-33.6,1,-33.6,1,-33.4,1,-33.5,1,-33.5,1,-33.4,1,-33.5,1,-33.5,1,-33.5,1,-33.4,1,-41.7,0,-42.1,0,-42.1,0,-42.2,0,-42.2,0,-42.2,0,-42.2,0,-42.3,0,-42.3,0,-42.4,0,-42.4,0,-42.4,0,-42.5,0,-42.3,0,-42.6,0,-42.6,0,-42.6,0,-42.6,0,-42.7,0,-42.7,0,-42.8,0,-42.8,0,-42.9,0,-42.9,0,-42.9,0,-42.9,0,-43.0,0,-43.0,0,-43.0,0,-43.1,0,-43.2,0,-43.2,0,-43.3,0,-43.3,0,-43.3,0,-43.4,0,-43.4,0,-43.4,0,-43.5,0,-43.5,0,-43.2,0,-43.3,0,-43.7,0,-43.8,0,-43.8,0,-43.9,0,-43.9,0
aging,1,booster,18.0,0.0,-21.35,-2.06,-37.9,1,-37.1,1,-36.6,1,-36.6,1,-36.5,1,-36.7,1,-36.6,1,-36.6,1,-36.5,1,-36.6,1,-36.6,1,-36.6,1,-36.6,1,-36.6,1,-36.6,1,-36.7,1,-36.7,1,-36.7,1,-36.6,1,-36.7,1,-36.8,1,-36.6,1,-36.7,1,-36.7,1,-36.6,1,-36.6,1,-36.7,1,-36.7,1,-36.8,1,-36.6,1,-36.6,1,-36.8,1,-36.7,1,-36.5,1,-36.6,1,-36.8,1,-36.8,1,-36.8,1,-36.9,1,-36.8,1,-36.7,1,-36.8,1,-36.7,1,-36.6,1,-36.6,1,-36.8,1,-36.7,1,-36.7,1,-41.8,0,-42.0,0,-42.1,0,-42.1,0,-42.1,0,-42.1,0,-42.2,0,-42.2,0,-42.2,0,-42.3,0,-42.3,0,-42.3,0,-42.4,0,-42.4,0,-42.5,0,-42.5,0,-42.6,0,-42.6,0,-42.6,0,-42.6,0,-42.7,0,-42.8,0,-42.8,0,-42.8,0,-42.8,0,-42.9,0,-42.9,0,-42.9,0,-43.0,0,-43.0,0,-43.1,0,-43.1,0,-43.2,0,-43.2,0,-43.3,0,-43.3,0,-43.3,0,-43.4,0,-43.4,0,-43.5,0,-43.1,0,-43.2,0,-43.6,0,-43.7,0,-43.7,0,-43.8,0,-43.8,0
aging,1,booster,18.0,0.0,-16.83,1.67,-40.5,0,-40.6,0,-40.6,0,-40.5,0,-40.5,0,-40.5,0,-40.6,0,-40.6,0,-40.6,0,-40.6,0,-40.7,0,-40.7,0,-40.7,0,-40.7,0,-40.9,0,-40.9,0,-40.9,0,-40.9,0,-40.9,0,-40.9,0,-41.0,0,-41.0,0,-41.1,0,-41.1,0,-41.1,0,-41.1,0,-41.2,0,-41.2,0,-41.2,0,-41.2,0,-41.3,0,-41.4,0,-41.3,0,-41.4,0,-41.5,0,-41.5,0,-41.6,0,-41.7,0,-41.7,0,-41.7,0,-41.7,0,-41.8,0,-41.8,0,-41.9,0,-41.9,0,-41.9,0,-41.9,0,-41.9,0,-33.3,1,-33.3,1,-33.2,1,-33.2,1,-33.3,1,-33.3,1,-33.2,1,-33.2,1,-33.3,1,-33.2,1,-33.3,1,-33.2,1,-33.2,1,-33.1,1,-33.2,1,-33.2,1,-33.2,1,-33.3,1,-33.1,1,-33.1,1,-33.2,1,-33.2,1,-33.2,1,-33.2,1,-33.2,1,-33.1,1,-33.1,1,-33.3,1,-33.2,1,-33.2,1,-33.1,1,-33.2,1,-33.2,1,-33.1,1,-33.2,1,-33.1,1,-33.1,1,-33.0,1,-33.1,1,-33.3,1,-33.2,1,-33.2,1,-33.1,1,-33.2,1,-33.2,1,-33.2,1,-33.2,1
aging,1,booster,18.0,0.0,-21.1,-1.88,-40.6,0,-40.6,0,-40.7,0,-40.7,0,-40.6,0,-40.7,0,-40.7,0,-40.7,0,-40.7,0,-40.8,0,-40.8,0,-40.9,0,-40.9,0,-40.9,0,-41.0,0,-41.0,0,-41.0,0,-41.1,0,-41.0,0,-41.0,0,-41.1,0,-41.1,0,-41.2,0,-41.2,0,-41.2,0,-41.3,0,-41.3,0,-41.3,0,-41.4,0,-41.4,0,-41.4,0,-41.4,0,-41.5,0,-41.5,0,-41.5,0,-41.6,0,-41.6,0,-41.7,0,-41.7,0,-41.7,0,-41.7,0,-41.8,0,-41.8,0,-41.8,0,-41.9,0,-41.8,0,-41.8,0,-41.8,0,-36.8,1,-36.7,1,-36.9,1,-36.8,1,-36.8,1,-36.8,1,-36.8,1,-36.8,1,-36.8,1,-36.8,1,-36.8,1,-36.9,1,-36.8,1,-36.7,1,-36.8,1,-36.8,1,-36.7,1,-36.9,1,-36.7,1,-36.6,1,-36.8,1,-36.8,1,-36.8,1,-36.8,1,-36.7,1,-36.8,1,-36.7,1,-36.7,1,-36.6,1,-36.7,1,-36.7,1,-36.7,1,-36.8,1,-36.8,1,-36.8,1,-36.8,1,-36.7,1,-36.8,1,-36.8,1,-36.9,1,-36.8,1,-36.9,1,-36.9,1,-36.8,1,-36.8,1,-36.9,1,-36.8,1
aging,1,booster,18.0,0.0,-34.59,-7.4,-40.6,0,-40.7,0,-40.7,0,-40.6,0,-33.9,1,-40.4,0,-40.7,0,-40.8,0,-40.8,0,-40.8,0,-40.9,0,-40.9,0,-40.9,0,-40.9,0,-41.0,0,-41.0,0,-41.1,0,-41.1,0,-41.0,0,-41.1,0,-41.1,0,-41.2,0,-41.2,0,-41.3,0,-41.3,0,-41.3,0,-41.3,0,-41.4,0,-41.4,0,-41.4,0,-41.4,0,-41.5,0,-41.5,0,-41.5,0,-41.6,0,-41.6,0,-41.7,0,-41.7,0,-41.7,0,-41.7,0,-41.7,0,-41.8,0,-41.8,0,-41.9,0,-41.9,0,-41.8,0,-41.8,0,-41.8,0,-41.8,0,-41.9,0,-41.9,0,-42.0,0,-42.0,0,-42.1,0,-42.1,0,-42.1,0,-42.2,0,-42.2,0,-42.2,0,-42.3,0,-42.3,0,-42.1,0,-42.4,0,-42.4,0,-42.4,0,-42.5,0,-42.5,0,-42.5,0,-42.6,0,-42.6,0,-42.7,0,-42.7,0,-42.7,0,-42.8,0,-42.8,0,-42.8,0,-42.9,0,-42.9,0,-43.0,0,-43.0,0,-43.1,0,-43.1,0,-43.1,0,-43.2,0,-43.2,0,-43.3,0,-43.3,0,-43.4,0,-43.1,0,-43.1,0,-43.5,0,-43.6,0,-43.6,0,-43.7,0,-43.7,0
aging,1,booster,18.0,0.0,-34.59,-7.4,-40.6,0,-40.6,0,-40.6,0,-40.6,0,-40.5,0,-40.6,0,-40.6,0,-40.7,0,-40.7,0,-40.7,0,-40.7,0,-40.8,0,-40.8,0,-40.8,0,-40.9,0,-40.9,0,-41.0,0,-41.0,0,-40.9,0,-34.0,1,-40.7,0,-41.1,0,-41.1,0,-41.1,0,-41.2,0,-41.2,0,-41.2,0,-41.2,0,-41.3,0,-41.3,0,-41.4,0,-41.4,0,-41.4,0,-41.4,0,-41.5,0,-41.5,0,-41.6,0,-41.6,0,-41.6,0,-41.6,0,-41.7,0,-41.7,0,-41.7,0,-41.7,0,-41.8,0,-41.7,0,-41.7,0,-41.8,0,-41.8,0,-41.8,0,-41.9,0,-41.9,0,-41.9,0,-42.0,0,-42.0,0,-42.0,0,-42.1,0,-42.1,0,-42.1,0,-42.2,0,-42.2,0,-42.1,0,-42.3,0,-42.3,0,-42.3,0,-42.4,0,-42.4,0,-42.4,0,-42.5,0,-42.6,0,-42.6,0,-42.7,0,-42.6,0,-42.6,0,-42.7,0,-42.7,0,-42.8,0,-42.8,0,-42.9,0,-42.9,0,-43.0,0,-43.0,0,-43.1,0,-43.1,0,-43.1,0,-43.2,0,-43.2,0,-43.3,0,-43.0,0,-43.0,0,-43.4,0,-43.5,0,-43.5,0,-43.6,0,-43.6,0
aging,1,booster,18.0,0.0,-33.81,-7.3,-40.8,0,-40.8,0,-40.8,0,-40.8,0,-40.7,0,-40.8,0,-40.8,0,-40.9,0,-40.9,0,-40.9,0,-41.0,0,-41.0,0,-41.0,0,-41.0,0,-41.1,0,-41.1,0,-41.2,0,-41.2,0,-41.2,0,-41.2,0,-41.2,0,-41.3,0,-41.3,0,-41.4,0,-41.4,0,-41.4,0,-41.4,0,-41.5,0,-41.5,0,-41.5,0,-41.6,0,-41.6,0,-41.6,0,-41.6,0,-33.5,1,-41.4,0,-41.8,0,-41.8,0,-41.8,0,-41.8,0,-41.9,0,-41.9,0,-41.9,0,-42.0,0,-42.0,0,-41.9,0,-42.0,0,-42.0,0,-42.0,0,-42.0,0,-42.1,0,-42.1,0,-42.2,0,-42.2,0,-42.2,0,-42.2,0,-42.2,0,-42.3,0,-42.3,0,-42.4,0,-42.4,0,-42.4,0,-42.5,0,-42.5,0,-42.6,0,-42.6,0,-42.6,0,-42.7,0,-42.7,0,-42.8,0,-42.8,0,-42.9,0,-42.8,0,-42.9,0,-42.9,0,-43.0,0,-43.0,0,-43.0,0,-43.1,0,-43.1,0,-43.2,0,-43.2,0,-43.3,0,-43.3,0,-43.4,0,-43.4,0,-43.4,0,-43.5,0,-43.2,0,-43.2,0,-43.6,0,-43.7,0,-43.7,0,-43.8,0,-43.8,0
aging,1,booster,18.0,0.0,-34.45,-7.39,-40.7,0,-40.7,0,-40.7,0,-40.7,0,-40.6,0,-40.7,0,-40.7,0,-40.8,0,-40.8,0,-40.8,0,-40.9,0,-40.9,0,-40.9,0,-40.9,0,-41.1,0,-41.1,0,-41.1,0,-41.1,0,-41.1,0,-41.1,0,-41.1,0,-41.2,0,-41.3,0,-41.3,0,-41.3,0,-41.3,0,-41.4,0,-41.4,0,-41.4,0,-41.4,0,-41.5,0,-41.5,0,-41.5,0,-41.6,0,-41.6,0,-41.6,0,-41.7,0,-41.7,0,-41.8,0,-41.8,0,-41.8,0,-41.8,0,-41.8,0,-41.9,0,-41.9,0,-41.9,0,-41.9,0,-41.9,0,-41.9,0,-34.0,1,-41.6,0,-42.0,0,-42.1,0,-42.1,0,-42.1,0,-42.1,0,-42.2,0,-42.2,0,-42.3,0,-42.3,0,-42.3,0,-42.3,0,-42.4,0,-42.5,0,-42.5,0,-42.5,0,-42.5,0,-42.6,0,-42.7,0,-42.7,0,-42.7,0,-42.8,0,-42.7,0,-42.8,0,-42.8,0,-42.9,0,-42.9,0,-42.9,0,-43.0,0,-43.0,0,-43.1,0,-43.2,0,-43.2,0,-43.2,0,-43.3,0,-43.3,0,-43.4,0,-43.4,0,-43.1,0,-43.2,0,-43.6,0,-43.6,0,-43.7,0,-43.7,0,-43.8,0
aging,1,booster,18.0,0.0,-34.45,-7.39,-40.7,0,-40.7,0,-40.7,0,-40.7,0,-40.6,0,-40.7,0,-40.8,0,-40.8,0,-40.8,0,-40.8,0,-40.9,0,-40.9,0,-40.9,0,-40.9,0,-41.0,0,-41.1,0,-41.1,0,-41.1,0,-41.1,0,-41.1,0,-41.2,0,-41.2,0,-41.3,0,-41.3,0,-41.3,0,-41.3,0,-41.4,0,-41.4,0,-41.4,0,-41.4,0,-41.5,0,-41.5,0,-41.5,0,-41.6,0,-41.6,0,-41.7,0,-41.7,0,-41.7,0,-41.7,0,-41.8,0,-41.8,0,-41.8,0,-41.9,0,-41.9,0,-41.9,0,-41.9,0,-41.9,0,-41.9,0,-41.9,0,-41.9,0,-42.0,0,-42.0,0,-42.1,0,-42.1,0,-42.1,0,-42.1,0,-42.2,0,-42.2,0,-42.3,0,-42.3,0,-42.3,0,-42.4,0,-42.4,0,-42.5,0,-34.2,1,-42.0,0,-42.6,0,-42.6,0,-42.6,0,-42.7,0,-42.7,0,-42.8,0,-42.8,0,-42.8,0,-42.8,0,-42.9,0,-42.9,0,-43.0,0,-43.0,0,-43.1,0,-43.1,0,-43.2,0,-43.2,0,-43.2,0,-43.3,0,-43.3,0,-43.4,0,-43.4,0,-43.1,0,-43.2,0,-43.6,0,-43.6,0,-43.7,0,-43.7,0,-43.7,0
aging,1,booster,18.0,0.0,-34.41,-7.38,-40.7,0,-40.8,0,-40.8,0,-40.8,0,-40.7,0,-40.8,0,-40.8,0,-40.9,0,-40.9,0,-40.9,0,-41.0,0,-41.0,0,-41.0,0,-41.0,0,-41.1,0,-41.1,0,-41.2,0,-41.2,0,-41.1,0,-41.1,0,-41.2,0,-41.3,0,-41.3,0,-41.3,0,-41.4,0,-41.4,0,-41.4,0,-41.5,0,-41.5,0,-41.5,0,-41.5,0,-41.6,0,-41.6,0,-41.6,0,-41.7,0,-41.7,0,-41.8,0,-41.8,0,-41.8,0,-41.8,0,-41.9,0,-41.9,0,-41.9,0,-42.0,0,-42.0,0,-41.9,0,-41.9,0,-41.9,0,-41.9,0,-42.0,0,-42.1,0,-42.1,0,-42.1,0,-42.1,0,-42.2,0,-42.2,0,-42.2,0,-42.3,0,-42.3,0,-42.3,0,-42.4,0,-42.2,0,-42.5,0,-42.5,0,-42.6,0,-42.6,0,-42.6,0,-42.6,0,-42.7,0,-42.8,0,-42.8,0,-42.9,0,-42.8,0,-42.8,0,-42.9,0,-42.9,0,-43.0,0,-43.0,0,-43.1,0,-34.0,1,-42.7,0,-43.2,0,-43.3,0,-43.3,0,-43.3,0,-43.4,0,-43.4,0,-43.5,0,-43.1,0,-43.2,0,-43.6,0,-43.7,0,-43.7,0,-43.8,0,-43.8,0
aging,1,booster,18.0,0.0,-34.31,-7.37,-40.6,0,-40.6,0,-40.6,0,-40.6,0,-40.5,0,-40.6,0,-40.7,0,-40.7,0,-40.7,0,-40.7,0,-40.8,0,-40.8,0,-40.8,0,-40.8,0,-40.9,0,-40.9,0,-41.0,0,-41.0,0,-41.0,0,-41.0,0,-41.0,0,-41.1,0,-41.2,0,-41.2,0,-41.2,0,-41.2,0,-41.3,0,-41.3,0,-41.3,0,-41.3,0,-41.4,0,-41.4,0,-41.4,0,-41.5,0,-41.5,0,-41.5,0,-41.6,0,-41.6,0,-41.6,0,-41.6,0,-41.7,0,-41.7,0,-41.7,0,-41.8,0,-41.8,0,-41.8,0,-41.8,0,-41.8,0,-41.8,0,-41.8,0,-41.9,0,-41.9,0,-42.0,0,-42.0,0,-42.0,0,-42.0,0,-42.1,0,-42.1,0,-42.1,0,-42.2,0,-42.2,0,-42.3,0,-42.3,0,-42.3,0,-42.4,0,-42.4,0,-42.4,0,-42.5,0,-42.5,0,-42.6,0,-42.6,0,-42.7,0,-42.6,0,-42.7,0,-42.7,0,-42.8,0,-42.8,0,-42.8,0,-42.9,0,-42.9,0,-43.0,0,-43.0,0,-43.1,0,-43.1,0,-43.1,0,-43.2,0,-43.3,0,-43.3,0,-43.0,0,-43.0,0,-43.4,0,-43.5,0,-43.6,0,-43.6,0,-33.9,1
aging,1,booster,18.0,0.0,-38.7,-7.74,-40.4,0,-40.5,0,-40.5,0,-40.5,0,-36.7,1,-40.4,0,-40.5,0,-40.6,0,-40.6,0,-40.6,0,-40.6,0,-40.7,0,-40.7,0,-40.7,0,-40.8,0,-40.8,0,-40.9,0,-40.9,0,-40.8,0,-40.9,0,-40.9,0,-41.0,0,-41.0,0,-41.1,0,-41.1,0,-41.1,0,-41.1,0,-41.2,0,-41.2,0,-41.2,0,-41.3,0,-41.3,0,-41.3,0,-41.3,0,-41.4,0,-41.4,0,-41.5,0,-41.5,0,-41.5,0,-41.5,0,-41.6,0,-41.6,0,-41.6,0,-41.7,0,-41.7,0,-41.6,0,-41.7,0,-41.7,0,-41.7,0,-41.7,0,-41.8,0,-41.8,0,-41.8,0,-41.8,0,-41.9,0,-41.9,0,-42.0,0,-42.0,0,-42.0,0,-42.1,0,-42.1,0,-42.1,0,-42.2,0,-42.2,0,-42.3,0,-42.3,0,-42.3,0,-42.4,0,-42.4,0,-42.5,0,-42.5,0,-42.6,0,-42.5,0,-42.6,0,-42.6,0,-42.7,0,-42.7,0,-42.7,0,-42.8,0,-42.8,0,-42.9,0,-42.9,0,-43.0,0,-43.0,0,-43.0,0,-43.1,0,-43.2,0,-43.2,0,-42.9,0,-43.0,0,-43.3,0,-43.4,0,-43.4,0,-43.5,0,-43.5,0
aging,1,booster,18.0,0.0,-38.53,-7.73,-40.7,0,-40.7,0,-40.8,0,-40.7,0,-40.7,0,-40.7,0,-40.8,0,-40.8,0,-40.8,0,-40.9,0,-40.9,0,-40.9,0,-41.0,0,-41.0,0,-41.0,0,-41.1,0,-41.1,0,-41.2,0,-41.1,0,-37.0,1,-41.0,0,-41.2,0,-41.3,0,-41.3,0,-41.3,0,-41.3,0,-41.4,0,-41.4,0,-41.4,0,-41.5,0,-41.5,0,-41.6,0,-41.5,0,-41.6,0,-41.6,0,-41.7,0,-41.7,0,-41.8,0,-41.8,0,-41.8,0,-41.8,0,-41.9,0,-41.9,0,-41.9,0,-42.0,0,-41.9,0,-41.9,0,-41.9,0,-41.9,0,-42.0,0,-42.0,0,-42.0,0,-42.1,0,-42.1,0,-42.1,0,-42.2,0,-42.2,0,-42.3,0,-42.3,0,-42.3,0,-42.3,0,-42.4,0,-42.4,0,-42.5,0,-42.5,0,-42.5,0,-42.6,0,-42.6,0,-42.7,0,-42.7,0,-42.8,0,-42.8,0,-42.8,0,-42.8,0,-42.9,0,-42.9,0,-42.9,0,-43.0,0,-43.0,0,-43.1,0,-43.2,0,-43.2,0,-43.2,0,-43.2,0,-43.3,0,-43.3,0,-43.4,0,-43.4,0,-43.2,0,-43.2,0,-43.6,0,-43.6,0,-43.7,0,-43.7,0,-43.7,0
aging,1,booster,18.0,0.0,-37.89,-7.69,-40.6,0,-40.6,0,-40.7,0,-40.7,0,-40.6,0,-40.7,0,-40.7,0,-40.8,0,-40.8,0,-40.8,0,-40.8,0,-40.9,0,-40.9,0,-40.9,0,-41.0,0,-41.0,0,-41.1,0,-41.1,0,-41.0,0,-41.1,0,-41.1,0,-41.2,0,-41.2,0,-41.3,0,-41.3,0,-41.3,0,-41.3,0,-41.4,0,-41.4,0,-41.4,0,-41.4,0,-41.5,0,-41.5,0,-41.5,0,-36.6,1,-41.5,0,-41.7,0,-41.7,0,-41.7,0,-41.7,0,-41.8,0,-41.8,0,-41.8,0,-41.9,0,-41.9,0,-41.8,0,-41.8,0,-41.8,0,-41.8,0,-41.9,0,-41.9,0,-42.0,0,-42.0,0,-42.0,0,-42.1,0,-42.1,0,-42.1,0,-42.2,0,-42.2,0,-42.3,0,-42.3,0,-42.3,0,-42.4,0,-42.4,0,-42.5,0,-42.5,0,-42.5,0,-42.5,0,-42.6,0,-42.7,0,-42.7,0,-42.7,0,-42.7,0,-42.7,0,-42.8,0,-42.8,0,-42.9,0,-42.9,0,-43.0,0,-43.0,0,-43.1,0,-43.1,0,-43.1,0,-43.2,0,-43.2,0,-43.3,0,-43.3,0,-43.3,0,-43.0,0,-43.1,0,-43.5,0,-43.6,0,-43.6,0,-43.7,0,-43.7,0
aging,1,booster,18.0,0.0,-38.47,-7.72,-40.6,0,-40.6,0,-40.6,0,-40.6,0,-40.5,0,-40.6,0,-40.6,0,-40.7,0,-40.7,0,-40.7,0,-40.8,0,-40.8,0,-40.8,0,-40.8,0,-40.9,0,-40.9,0,-41.0,0,-41.0,0,-40.9,0,-41.0,0,-41.0,0,-41.1,0,-41.1,0,-41.1,0,-41.2,0,-41.2,0,-41.2,0,-41.3,0,-41.3,0,-41.3,0,-41.4,0,-41.4,0,-41.4,0,-41.5,0,-41.5,0,-41.5,0,-41.6,0,-41.6,0,-41.6,0,-41.6,0,-41.7,0,-41.7,0,-41.7,0,-41.8,0,-41.8,0,-41.8,0,-41.8,0,-41.8,0,-41.8,0,-37.1,1,-41.7,0,-41.9,0,-41.9,0,-42.0,0,-42.0,0,-42.0,0,-42.1,0,-42.1,0,-42.1,0,-42.2,0,-42.2,0,-42.1,0,-42.3,0,-42.3,0,-42.4,0,-42.4,0,-42.4,0,-42.5,0,-42.5,0,-42.6,0,-42.6,0,-42.7,0,-42.6,0,-42.7,0,-42.7,0,-42.8,0,-42.8,0,-42.8,0,-42.9,0,-42.9,0,-43.0,0,-43.1,0,-43.1,0,-43.1,0,-43.1,0,-43.2,0,-43.2,0,-43.3,0,-43.0,0,-43.0,0,-43.4,0,-43.5,0,-43.6,0,-43.6,0,-43.6,0
aging,1,booster,18.0,0.0,-38.51,-7.73,-40.6,0,-40.6,0,-40.7,0,-40.6,0,-40.5,0,-40.6,0,-40.7,0,-40.8,0,-40.8,0,-40.8,0,-40.8,0,-40.9,0,-40.9,0,-40.9,0,-41.0,0,-41.0,0,-41.0,0,-41.1,0,-41.0,0,-41.0,0,-41.1,0,-41.1,0,-41.2,0,-41.2,0,-41.3,0,-41.2,0,-41.3,0,-41.3,0,-41.3,0,-41.4,0,-41.4,0,-41.5,0,-41.4,0,-41.5,0,-41.5,0,-41.6,0,-41.6,0,-41.7,0,-41.7,0,-41.7,0,-41.7,0,-41.8,0,-41.8,0,-41.8,0,-41.9,0,-41.8,0,-41.8,0,-41.8,0,-41.8,0,-41.9,0,-41.9,0,-42.0,0,-42.0,0,-42.0,0,-42.0,0,-42.1,0,-42.1,0,-42.1,0,-42.2,0,-42.2,0,-42.3,0,-42.3,0,-42.4,0,-42.4,0,-37.4,1,-42.2,0,-42.5,0,-42.5,0,-42.6,0,-42.6,0,-42.7,0,-42.7,0,-42.7,0,-42.7,0,-42.8,0,-42.8,0,-42.8,0,-42.9,0,-43.0,0,-43.0,0,-43.0,0,-43.1,0,-43.1,0,-43.2,0,-43.2,0,-43.3,0,-43.3,0,-43.3,0,-43.0,0,-43.1,0,-43.5,0,-43.6,0,-43.6,0,-43.6,0,-43.7,0
aging,1,booster,18.0,0.0,-38.47,-7.72,-40.5,0,-40.5,0,-40.5,0,-40.5,0,-40.4,0,-40.5,0,-40.5,0,-40.6,0,-40.6,0,-40.6,0,-40.7,0,-40.7,0,-40.7,0,-40.7,0,-40.8,0,-40.8,0,-40.9,0,-40.9,0,-40.9,0,-40.9,0,-40.9,0,-41.0,0,-41.0,0,-41.1,0,-41.1,0,-41.1,0,-41.2,0,-41.2,0,-41.2,0,-41.2,0,-41.3,0,-41.3,0,-41.3,0,-41.3,0,-41.4,0,-41.4,0,-41.5,0,-41.5,0,-41.5,0,-41.5,0,-41.6,0,-41.6,0,-41.6,0,-41.7,0,-41.7,0,-41.7,0,-41.7,0,-41.7,0,-41.6,0,-41.7,0,-41.8,0,-41.8,0,-41.9,0,-41.9,0,-41.9,0,-41.9,0,-42.0,0,-42.0,0,-42.0,0,-42.1,0,-42.1,0,-42.1,0,-42.2,0,-42.3,0,-42.3,0,-42.3,0,-42.3,0,-42.4,0,-42.4,0,-42.5,0,-42.5,0,-42.6,0,-42.5,0,-42.5,0,-42.6,0,-42.7,0,-42.7,0,-42.7,0,-42.8,0,-37.3,1,-42.7,0,-42.9,0,-43.0,0,-43.0,0,-43.0,0,-43.1,0,-43.1,0,-43.2,0,-42.9,0,-42.9,0,-43.3,0,-43.4,0,-43.5,0,-43.5,0,-43.5,0
aging,1,booster,18.0,0.0,-38.29,-7.71,-40.5,0,-40.5,0,-40.6,0,-40.5,0,-40.5,0,-40.6,0,-40.6,0,-40.6,0,-40.7,0,-40.7,0,-40.7,0,-40.8,0,-40.8,0,-40.8,0,-40.9,0,-40.9,0,-40.9,0,-41.0,0,-40.9,0,-40.9,0,-41.0,0,-41.1,0,-41.1,0,-41.1,0,-41.2,0,-41.2,0,-41.2,0,-41.2,0,-41.3,0,-41.3,0,-41.3,0,-41.4,0,-41.4,0,-41.4,0,-41.4,0,-41.5,0,-41.6,0,-41.6,0,-41.6,0,-41.6,0,-41.6,0,-41.7,0,-41.7,0,-41.8,0,-41.8,0,-41.7,0,-41.7,0,-41.7,0,-41.7,0,-41.8,0,-41.8,0,-41.9,0,-41.9,0,-41.9,0,-42.0,0,-42.0,0,-42.0,0,-42.1,0,-42.1,0,-42.2,0,-42.2,0,-42.1,0,-42.3,0,-42.3,0,-42.3,0,-42.4,0,-42.4,0,-42.4,0,-42.5,0,-42.5,0,-42.6,0,-42.6,0,-42.6,0,-42.6,0,-42.7,0,-42.7,0,-42.8,0,-42.8,0,-42.9,0,-42.9,0,-42.9,0,-43.0,0,-43.1,0,-43.1,0,-43.1,0,-43.1,0,-43.2,0,-43.3,0,-43.0,0,-43.0,0,-43.4,0,-43.5,0,-43.5,0,-43.5,0,-37.3,1
aging,1,booster,18.0,0.0,-31.57,-6.91,-40.5,0,-40.5,0,-40.5,0,-33.8,1,-33.8,1,-40.3,0,-40.6,0,-40.7,0,-40.7,0,-40.7,0,-40.7,0,-40.8,0,-40.8,0,-40.8,0,-40.9,0,-40.9,0,-40.9,0,-41.0,0,-41.0,0,-41.0,0,-41.0,0,-41.1,0,-41.1,0,-41.1,0,-41.1,0,-41.2,0,-41.2,0,-41.2,0,-41.3,0,-41.3,0,-41.3,0,-41.4,0,-41.4,0,-41.4,0,-41.4,0,-41.5,0,-41.6,0,-41.6,0,-41.6,0,-41.6,0,-41.6,0,-41.7,0,-41.7,0,-41.7,0,-41.8,0,-41.7,0,-41.7,0,-41.7,0,-41.7,0,-41.8,0,-41.9,0,-41.9,0,-41.9,0,-41.9,0,-42.0,0,-42.0,0,-42.0,0,-42.1,0,-42.1,0,-42.2,0,-42.2,0,-42.2,0,-42.3,0,-42.3,0,-42.3,0,-42.3,0,-42.4,0,-42.4,0,-42.5,0,-42.5,0,-42.6,0,-42.7,0,-42.6,0,-42.6,0,-42.7,0,-42.7,0,-42.8,0,-42.8,0,-42.9,0,-42.9,0,-43.0,0,-43.0,0,-43.0,0,-43.1,0,-43.1,0,-43.2,0,-43.2,0,-43.2,0,-43.0,0,-43.0,0,-43.4,0,-43.5,0,-43.5,0,-43.6,0,-43.6,0
aging,1,booster,18.0,0.0,-31.55,-6.9,-40.6,0,-40.6,0,-40.6,0,-40.6,0,-40.5,0,-40.6,0,-40.7,0,-40.7,0,-40.7,0,-40.7,0,-40.8,0,-40.8,0,-40.8,0,-40.8,0,-40.9,0,-40.9,0,-41.0,0,-41.0,0,-33.9,1,-34.0,1,-40.8,0,-41.1,0,-41.1,0,-41.2,0,-41.2,0,-41.2,0,-41.3,0,-41.3,0,-41.3,0,-41.3,0,-41.4,0,-41.4,0,-41.4,0,-41.5,0,-41.5,0,-41.5,0,-41.6,0,-41.6,0,-41.7,0,-41.6,0,-41.7,0,-41.7,0,-41.7,0,-41.8,0,-41.8,0,-41.8,0,-41.8,0,-41.8,0,-41.8,0,-41.8,0,-41.9,0,-41.9,0,-42.0,0,-42.0,0,-42.0,0,-42.0,0,-42.1,0,-42.1,0,-42.1,0,-42.2,0,-42.2,0,-42.2,0,-42.3,0,-42.4,0,-42.4,0,-42.4,0,-42.4,0,-42.5,0,-42.5,0,-42.6,0,-42.6,0,-42.7,0,-42.6,0,-42.7,0,-42.7,0,-42.8,0,-42.8,0,-42.8,0,-42.9,0,-42.9,0,-43.0,0,-43.0,0,-43.1,0,-43.1,0,-43.2,0,-43.2,0,-43.3,0,-43.3,0,-43.0,0,-43.1,0,-43.4,0,-43.5,0,-43.5,0,-43.6,0,-43.6,0
aging,1,booster,18.0,0.0,-31.1,-6.8,-40.5,0,-40.6,0,-40.6,0,-40.6,0,-40.5,0,-40.6,0,-40.6,0,-40.7,0,-40.7,0,-40.7,0,-40.8,0,-40.8,0,-40.8,0,-40.8,0,-40.9,0,-41.0,0,-41.0,0,-41.0,0,-41.0,0,-41.0,0,-41.1,0,-41.1,0,-41.1,0,-41.2,0,-41.2,0,-41.2,0,-41.3,0,-41.3,0,-41.3,0,-41.3,0,-41.4,0,-41.4,0,-41.4,0,-33.6,1,-33.7,1,-41.2,0,-41.6,0,-41.6,0,-41.6,0,-41.6,0,-41.7,0,-41.7,0,-41.7,0,-41.8,0,-41.8,0,-41.7,0,-41.8,0,-41.8,0,-41.8,0,-41.8,0,-41.9,0,-41.9,0,-42.0,0,-42.0,0,-42.0,0,-42.0,0,-42.1,0,-42.1,0,-42.1,0,-42.2,0,-42.2,0,-42.2,0,-42.3,0,-42.4,0,-42.4,0,-42.4,0,-42.4,0,-42.5,0,-42.5,0,-42.6,0,-42.6,0,-42.7,0,-42.6,0,-42.7,0,-42.7,0,-42.8,0,-42.8,0,-42.9,0,-42.9,0,-43.0,0,-43.0,0,-43.1,0,-43.1,0,-43.1,0,-43.1,0,-43.2,0,-43.2,0,-43.3,0,-43.0,0,-43.0,0,-43.4,0,-43.5,0,-43.6,0,-43.6,0,-43.6,0
aging,1,booster,18.0,0.0,-31.43,-6.88,-40.5,0,-40.6,0,-40.6,0,-40.6,0,-40.5,0,-40.6,0,-40.6,0,-40.7,0,-40.7,0,-40.7,0,-40.8,0,-40.7,0,-40.8,0,-40.8,0,-40.9,0,-40.9,0,-40.9,0,-41.0,0,-40.9,0,-40.9,0,-41.0,0,-41.0,0,-41.1,0,-41.1,0,-41.1,0,-41.1,0,-41.2,0,-41.2,0,-41.2,0,-41.3,0,-41.3,0,-41.3,0,-41.3,0,-41.4,0,-41.4,0,-41.5,0,-41.5,0,-41.6,0,-41.6,0,-41.6,0,-41.6,0,-41.7,0,-41.7,0,-41.7,0,-41.7,0,-41.7,0,-41.7,0,-41.7,0,-33.9,1,-34.0,1,-41.5,0,-41.8,0,-41.9,0,-41.9,0,-41.9,0,-42.0,0,-42.0,0,-42.0,0,-42.1,0,-42.1,0,-42.1,0,-42.2,0,-42.3,0,-42.3,0,-42.3,0,-42.3,0,-42.3,0,-42.4,0,-42.5,0,-42.5,0,-42.6,0,-42.6,0,-42.6,0,-42.6,0,-42.6,0,-42.7,0,-42.7,0,-42.8,0,-42.8,0,-42.9,0,-42.9,0,-43.0,0,-43.0,0,-43.0,0,-43.1,0,-43.1,0,-43.2,0,-43.2,0,-42.9,0,-43.0,0,-43.3,0,-43.4,0,-43.5,0,-43.5,0,-43.6,0
aging,1,booster,18.0,0.0,-31.44,-6.88,-40.7,0,-40.7,0,-40.7,0,-40.7,0,-40.6,0,-40.7,0,-40.7,0,-40.8,0,-40.8,0,-40.8,0,-40.9,0,-40.9,0,-40.9,0,-40.9,0,-41.0,0,-41.1,0,-41.1,0,-41.1,0,-41.1,0,-41.1,0,-41.1,0,-41.2,0,-41.2,0,-41.3,0,-41.3,0,-41.3,0,-41.4,0,-41.4,0,-41.4,0,-41.4,0,-41.5,0,-41.5,0,-41.5,0,-41.5,0,-41.6,0,-41.7,0,-41.7,0,-41.7,0,-41.7,0,-41.8,0,-41.8,0,-41.8,0,-41.8,0,-41.9,0,-41.9,0,-41.9,0,-41.9,0,-41.9,0,-41.9,0,-41.9,0,-42.0,0,-42.0,0,-42.0,0,-42.0,0,-42.1,0,-42.1,0,-42.2,0,-42.2,0,-42.2,0,-42.3,0,-42.3,0,-42.3,0,-42.4,0,-34.2,1,-34.1,1,-42.0,0,-42.5,0,-42.6,0,-42.6,0,-42.7,0,-42.7,0,-42.8,0,-42.7,0,-42.8,0,-42.8,0,-42.9,0,-42.9,0,-42.9,0,-43.0,0,-43.0,0,-43.1,0,-43.1,0,-43.2,0,-43.2,0,-43.2,0,-43.3,0,-43.4,0,-43.4,0,-43.1,0,-43.2,0,-43.5,0,-43.6,0,-43.7,0,-43.7,0,-43.7,0
aging,1,booster,18.0,0.0,-30.97,-6.77,-40.7,0,-40.7,0,-40.8,0,-40.7,0,-40.7,0,-40.7,0,-40.8,0,-40.8,0,-40.9,0,-40.9,0,-40.9,0,-41.0,0,-41.0,0,-41.0,0,-41.1,0,-41.1,0,-41.1,0,-41.2,0,-41.1,0,-41.1,0,-41.2,0,-41.3,0,-41.3,0,-41.3,0,-41.3,0,-41.4,0,-41.4,0,-41.4,0,-41.4,0,-41.5,0,-41.5,0,-41.6,0,-41.5,0,-41.6,0,-41.6,0,-41.7,0,-41.7,0,-41.8,0,-41.8,0,-41.8,0,-41.8,0,-41.9,0,-41.9,0,-41.9,0,-42.0,0,-41.9,0,-41.9,0,-41.9,0,-41.9,0,-42.0,0,-42.0,0,-42.1,0,-42.1,0,-42.1,0,-42.2,0,-42.2,0,-42.2,0,-42.3,0,-42.3,0,-42.3,0,-42.4,0,-42.4,0,-42.5,0,-42.5,0,-42.5,0,-42.5,0,-42.6,0,-42.6,0,-42.7,0,-42.7,0,-42.8,0,-42.8,0,-42.8,0,-42.8,0,-42.9,0,-42.9,0,-42.9,0,-43.0,0,-33.5,1,-33.6,1,-42.7,0,-43.2,0,-43.2,0,-43.3,0,-43.3,0,-43.3,0,-43.4,0,-43.4,0,-43.1,0,-43.2,0,-43.6,0,-43.7,0,-43.7,0,-43.7,0,-43.7,0
aging,1,booster,18.0,0.0,-31.35,-6.86,-40.7,0,-40.7,0,-40.7,0,-40.7,0,-40.6,0,-40.7,0,-40.8,0,-40.8,0,-40.8,0,-40.8,0,-40.9,0,-40.9,0,-40.9,0,-40.9,0,-41.1,0,-41.1,0,-41.1,0,-41.1,0,-41.1,0,-41.1,0,-41.2,0,-41.2,0,-41.2,0,-41.3,0,-41.3,0,-41.3,0,-41.4,0,-41.4,0,-41.4,0,-41.4,0,-41.5,0,-41.5,0,-41.5,0,-41.6,0,-41.6,0,-41.6,0,-41.7,0,-41.7,0,-41.7,0,-41.8,0,-41.8,0,-41.8,0,-41.8,0,-41.9,0,-41.9,0,-41.9,0,-41.9,0,-41.9,0,-41.9,0,-41.9,0,-42.0,0,-42.0,0,-42.1,0,-42.1,0,-42.1,0,-42.1,0,-42.2,0,-42.2,0,-42.3,0,-42.3,0,-42.4,0,-42.4,0,-42.5,0,-42.6,0,-42.6,0,-42.6,0,-42.7,0,-42.7,0,-42.8,0,-42.9,0,-43.0,0,-43.0,0,-43.0,0,-43.0,0,-43.1,0,-43.2,0,-43.2,0,-43.3,0,-43.4,0,-43.4,0,-43.5,0,-43.5,0,-43.6,0,-43.6,0,-43.7,0,-43.7,0,-43.8,0,-43.8,0,-43.4,0,-43.7,0,-44.0,0,-44.1,0,-44.2,0,-34.0,1,-33.9,1
aging,1,booster,18.0,0.0,-35.6,-7.51,-40.7,0,-40.7,0,-40.7,0,-36.7,1,-36.8,1,-40.6,0,-40.8,0,-40.8,0,-40.8,0,-40.8,0,-40.9,0,-41.0,0,-41.0,0,-41.0,0,-41.1,0,-41.1,0,-41.1,0,-41.2,0,-41.1,0,-41.1,0,-41.2,0,-41.2,0,-41.3,0,-41.3,0,-41.3,0,-41.4,0,-41.4,0,-41.4,0,-41.4,0,-41.5,0,-41.5,0,-41.5,0,-41.5,0,-41.6,0,-41.6,0,-41.7,0,-41.7,0,-41.8,0,-41.8,0,-41.8,0,-41.8,0,-41.9,0,-41.9,0,-41.9,0,-41.9,0,-41.9,0,-41.9,0,-41.9,0,-41.9,0,-42.0,0,-42.0,0,-42.0,0,-42.1,0,-42.1,0,-42.1,0,-42.2,0,-42.2,0,-42.2,0,-42.3,0,-42.3,0,-42.3,0,-42.3,0,-42.4,0,-42.5,0,-42.5,0,-42.5,0,-42.6,0,-42.6,0,-42.6,0,-42.7,0,-42.8,0,-42.8,0,-42.7,0,-42.8,0,-42.9,0,-42.9,0,-42.9,0,-43.0,0,-43.1,0,-43.1,0,-43.1,0,-43.2,0,-43.2,0,-43.2,0,-43.3,0,-43.3,0,-43.4,0,-43.4,0,-43.1,0,-43.2,0,-43.6,0,-43.6,0,-43.7,0,-43.7,0,-43.8,0
aging,1,booster,18.0,0.0,-35.53,-7.51,-40.7,0,-40.8,0,-40.8,0,-40.8,0,-40.7,0,-40.8,0,-40.8,0,-40.9,0,-40.9,0,-40.9,0,-40.9,0,-41.0,0,-41.0,0,-41.0,0,-41.1,0,-41.1,0,-41.2,0,-41.2,0,-36.9,1,-36.9,1,-41.1,0,-41.3,0,-41.3,0,-41.3,0,-41.4,0,-41.4,0,-41.4,0,-41.5,0,-41.5,0,-41.5,0,-41.5,0,-41.6,0,-41.6,0,-41.6,0,-41.6,0,-41.7,0,-41.8,0,-41.8,0,-41.8,0,-41.8,0,-41.9,0,-41.9,0,-41.9,0,-42.0,0,-42.0,0,-41.9,0,-41.9,0,-41.9,0,-41.9,0,-42.0,0,-42.1,0,-42.1,0,-42.1,0,-42.2,0,-42.2,0,-42.2,0,-42.2,0,-42.3,0,-42.3,0,-42.3,0,-42.4,0,-42.3,0,-42.5,0,-42.5,0,-42.5,0,-42.6,0,-42.6,0,-42.7,0,-42.7,0,-42.8,0,-42.8,0,-42.9,0,-42.8,0,-42.9,0,-42.9,0,-43.0,0,-43.0,0,-43.0,0,-43.1,0,-43.1,0,-43.2,0,-43.2,0,-43.3,0,-43.3,0,-43.3,0,-43.4,0,-43.4,0,-43.5,0,-43.2,0,-43.2,0,-43.6,0,-43.7,0,-43.8,0,-43.8,0,-43.8,0
aging,1,booster,18.0,0.0,-35.17,-7.47,-40.8,0,-40.8,0,-40.8,0,-40.8,0,-40.7,0,-40.8,0,-40.8,0,-40.9,0,-40.9,0,-40.9,0,-41.0,0,-41.0,0,-41.0,0,-41.0,0,-41.1,0,-41.1,0,-41.2,0,-41.2,0,-41.1,0,-41.2,0,-41.2,0,-41.3,0,-41.3,0,-41.4,0,-41.4,0,-41.4,0,-41.4,0,-41.5,0,-41.4,0,-41.5,0,-41.5,0,-41.6,0,-41.6,0,-36.8,1,-36.9,1,-41.6,0,-41.8,0,-41.8,0,-41.8,0,-41.8,0,-41.9,0,-41.9,0,-41.9,0,-42.0,0,-42.0,0,-41.9,0,-41.9,0,-41.9,0,-42.0,0,-42.0,0,-42.1,0,-42.1,0,-42.1,0,-42.2,0,-42.2,0,-42.2,0,-42.3,0,-42.3,0,-42.3,0,-42.4,0,-42.4,0,-42.4,0,-42.5,0,-42.5,0,-42.5,0,-42.6,0,-42.6,0,-42.7,0,-42.7,0,-42.8,0,-42.8,0,-42.9,0,-42.8,0,-42.9,0,-42.9,0,-43.0,0,-43.0,0,-43.0,0,-43.1,0,-43.1,0,-43.2,0,-43.2,0,-43.3,0,-43.3,0,-43.3,0,-43.4,0,-43.4,0,-43.5,0,-43.2,0,-43.2,0,-43.6,0,-43.7,0,-43.7,0,-43.8,0,-43.8,0
aging,1,booster,18.0,0.0,-35.5,-7.51,-40.7,0,-40.7,0,-40.7,0,-40.7,0,-40.7,0,-40.7,0,-40.8,0,-40.8,0,-40.8,0,-40.9,0,-40.9,0,-40.9,0,-41.0,0,-41.0,0,-41.1,0,-41.1,0,-41.1,0,-41.2,0,-41.1,0,-41.1,0,-41.2,0,-41.2,0,-41.3,0,-41.3,0,-41.3,0,-41.4,0,-41.4,0,-41.4,0,-41.4,0,-41.5,0,-41.5,0,-41.5,0,-41.5,0,-41.6,0,-41.6,0,-41.7,0,-41.7,0,-41.8,0,-41.8,0,-41.8,0,-41.8,0,-41.9,0,-41.9,0,-41.9,0,-41.9,0,-41.9,0,-41.9,0,-41.9,0,-37.1,1,-37.2,1,-41.9,0,-42.1,0,-42.1,0,-42.1,0,-42.1,0,-42.2,0,-42.2,0,-42.2,0,-42.3,0,-42.3,0,-42.3,0,-42.3,0,-42.4,0,-42.5,0,-42.5,0,-42.5,0,-42.6,0,-42.6,0,-42.7,0,-42.7,0,-42.8,0,-42.8,0,-42.7,0,-42.8,0,-42.8,0,-42.9,0,-42.9,0,-43.0,0,-43.0,0,-43.1,0,-43.1,0,-43.2,0,-43.2,0,-43.3,0,-43.3,0,-43.3,0,-43.4,0,-43.4,0,-43.1,0,-43.2,0,-43.6,0,-43.6,0,-43.7,0,-43.7,0,-43.8,0
aging,1,booster,18.0,0.0,-35.41,-7.49,-40.7,0,-40.7,0,-40.7,0,-40.7,0,-40.7,0,-40.7,0,-40.8,0,-40.8,0,-40.8,0,-40.9,0,-40.9,0,-40.9,0,-41.0,0,-41.0,0,-41.1,0,-41.1,0,-41.1,0,-41.1,0,-41.1,0,-41.1,0,-41.2,0,-41.2,0,-41.3,0,-41.3,0,-41.3,0,-41.3,0,-41.4,0,-41.4,0,-41.4,0,-41.5,0,-41.5,0,-41.5,0,-41.5,0,-41.6,0,-41.6,0,-41.7,0,-41.7,0,-41.7,0,-41.8,0,-41.8,0,-41.8,0,-41.8,0,-41.9,0,-41.9,0,-41.9,0,-41.9,0,-41.9,0,-41.9,0,-41.9,0,-41.9,0,-42.0,0,-42.0,0,-42.1,0,-42.1,0,-42.1,0,-42.1,0,-42.2,0,-42.2,0,-42.3,0,-42.3,0,-42.3,0,-42.3,0,-42.4,0,-37.4,1,-37.3,1,-42.3,0,-42.5,0,-42.6,0,-42.7,0,-42.7,0,-42.8,0,-42.8,0,-42.7,0,-42.8,0,-42.9,0,-42.9,0,-42.9,0,-43.0,0,-43.0,0,-43.1,0,-43.1,0,-43.2,0,-43.2,0,-43.3,0,-43.3,0,-43.3,0,-43.4,0,-43.4,0,-43.1,0,-43.2,0,-43.6,0,-43.6,0,-43.7,0,-43.7,0,-43.8,0
aging,1,booster,18.0,0.0,-35.02,-7.45,-40.6,0,-40.6,0,-40.6,0,-40.6,0,-40.6,0,-40.6,0,-40.7,0,-40.7,0,-40.8,0,-40.7,0,-40.8,0,-40.9,0,-40.9,0,-40.9,0,-41.0,0,-41.0,0,-41.0,0,-41.1,0,-41.0,0,-41.0,0,-41.1,0,-41.1,0,-41.2,0,-41.2,0,-41.2,0,-41.2,0,-41.3,0,-41.3,0,-41.3,0,-41.3,0,-41.4,0,-41.4,0,-41.4,0,-41.5,0,-41.5,0,-41.6,0,-41.6,0,-41.7,0,-41.6,0,-41.7,0,-41.7,0,-41.8,0,-41.8,0,-41.8,0,-41.8,0,-41.8,0,-41.8,0,-41.8,0,-41.8,0,-41.9,0,-41.9,0,-41.9,0,-42.0,0,-42.0,0,-42.0,0,-42.0,0,-42.1,0,-42.1,0,-42.2,0,-42.2,0,-42.2,0,-42.2,0,-42.3,0,-42.4,0,-42.4,0,-42.4,0,-42.5,0,-42.5,0,-42.6,0,-42.6,0,-42.7,0,-42.7,0,-42.7,0,-42.7,0,-42.7,0,-42.8,0,-42.8,0,-42.9,0,-36.9,1,-37.0,1,-42.8,0,-43.1,0,-43.1,0,-43.1,0,-43.2,0,-43.2,0,-43.3,0,-43.3,0,-43.0,0,-43.1,0,-43.5,0,-43.5,0,-43.6,0,-43.6,0,-43.7,0
aging,1,booster,18.0,0.0,-35.33,-7.49,-40.6,0,-40.6,0,-40.6,0,-40.6,0,-40.5,0,-40.6,0,-40.6,0,-40.7,0,-40.7,0,-40.7,0,-40.8,0,-40.8,0,-40.8,0,-40.8,0,-40.9,0,-40.9,0,-41.0,0,-41.0,0,-41.0,0,-41.0,0,-41.0,0,-41.1,0,-41.2,0,-41.2,0,-41.2,0,-41.2,0,-41.2,0,-41.3,0,-41.3,0,-41.3,0,-41.4,0,-41.4,0,-41.4,0,-41.4,0,-41.5,0,-41.5,0,-41.6,0,-41.6,0,-41.6,0,-41.6,0,-41.7,0,-41.7,0,-41.7,0,-41.8,0,-41.8,0,-41.8,0,-41.8,0,-41.8,0,-41.8,0,-41.8,0,-41.9,0,-41.9,0,-42.0,0,-42.0,0,-42.0,0,-42.0,0,-42.1,0,-42.1,0,-42.1,0,-42.2,0,-42.2,0,-42.0,0,-42.3,0,-42.3,0,-42.4,0,-42.4,0,-42.4,0,-42.5,0,-42.5,0,-42.6,0,-42.6,0,-42.7,0,-42.6,0,-42.7,0,-42.7,0,-42.8,0,-42.8,0,-42.8,0,-42.9,0,-42.9,0,-43.0,0,-43.1,0,-43.1,0,-43.1,0,-43.1,0,-43.2,0,-43.2,0,-43.3,0,-43.0,0,-43.1,0,-43.4,0,-43.5,0,-43.6,0,-37.5,1,-37.3,1
aging,0,preamp,18.0,0.0,3.29,21.29,-19.6,1,-17.6,1,-16.6,1,-16.6,1,-16.7,1,-16.6,1,-16.6,1,-16.6,1,-16.7,1,-16.7,1,-16.7,1,-16.6,1,-16.6,1,-16.7,1,-16.7,1,-16.6,1,-16.7,1,-16.7,1,-16.6,1,-16.7,1,-16.7,1,-16.7,1,-16.7,1,-16.6,1,-16.5,1,-16.7,1,-16.7,1,-16.6,1,-16.6,1,-16.6,1,-16.6,1,-16.7,1,-16.6,1,-16.6,1,-16.6,1,-16.5,1,-16.6,1,-16.7,1,-16.6,1,-16.6,1,-16.6,1,-16.6,1,-16.7,1,-16.7,1,-16.6,1,-16.6,1,-16.6,1,-16.5,1,-16.6,1,-16.7,1,-16.7,1,-16.7,1,-16.6,1,-16.6,1,-16.7,1,-16.6,1,-16.6,1,-16.6,1,-16.5,1,-16.5,1,-16.6,1,-16.7,1,-16.6,1,-16.5,1,-16.6,1,-16.6,1,-16.6,1,-16.6,1,-16.6,1,-16.7,1,-16.5,1,-16.5,1,-16.6,1,-16.7,1,-16.6,1,-16.6,1,-16.6,1,-16.6,1,-16.6,1,-16.6,1,-16.6,1,-16.6,1,-16.5,1,-16.6,1,-16.6,1,-16.6,1,-16.6,1,-16.6,1,-16.7,1,-16.7,1,-16.6,1,-16.7,1,-16.7,1,-16.7,1,-16.6,1
aging,0,preamp,18.0,0.0,2.21,20.21,-19.7,1,-18.0,1,-17.6,1,-17.7,1,-17.7,1,-17.8,1,-17.7,1,-17.8,1,-17.8,1,-17.7,1,-17.7,1,-17.8,1,-17.8,1,-17.7,1,-17.8,1,-17.7,1,-17.7,1,-17.8,1,-17.8,1,-17.7,1,-17.8,1,-17.7,1,-17.8,1,-17.8,1,-17.8,1,-17.7,1,-17.7,1,-17.7,1,-17.7,1,-17.7,1,-17.7,1,-17.7,1,-17.7,1,-17.7,1,-17.8,1,-17.8,1,-17.7,1,-17.7,1,-17.7,1,-17.8,1,-17.7,1,-17.8,1,-17.8,1,-17.7,1,-17.6,1,-17.8,1,-17.8,1,-17.8,1,-17.7,1,-17.8,1,-17.7,1,-17.8,1,-17.7,1,-17.8,1,-17.8,1,-17.7,1,-17.6,1,-17.7,1,-17.7,1,-17.8,1,-17.6,1,-17.6,1,-17.7,1,-17.8,1,-17.7,1,-17.7,1,-17.6,1,-17.6,1,-17.7,1,-17.7,1,-17.8,1,-17.7,1,-17.7,1,-17.7,1,-17.8,1,-17.8,1,-17.7,1,-17.8,1,-17.7,1,-17.7,1,-17.7,1,-17.7,1,-17.7,1,-17.6,1,-17.7,1,-17.7,1,-17.8,1,-17.8,1,-17.8,1,-17.7,1,-17.7,1,-17.8,1,-17.9,1,-17.9,1,-17.8,1
aging,0,preamp,18.0,0.0,1.31,19.33,-19.7,1,-18.9,1,-18.7,1,-18.7,1,-18.6,1,-18.6,1,-18.6,1,-18.6,1,-18.7,1,-18.6,1,-18.7,1,-18.6,1,-18.6,1,-18.6,1,-18.7,1,-18.7,1,-18.7,1,-18.6,1,-18.6,1,-18.6,1,-18.7,1,-18.6,1,-18.6,1,-18.6,1,-18.6,1,-18.7,1,-18.7,1,-18.6,1,-18.6,1,-18.6,1,-18.6,1,-18.7,1,-18.6,1,-18.6,1,-18.6,1,-18.7,1,-18.7,1,-18.7,1,-18.7,1,-18.6,1,-18.7,1,-18.6,1,-18.7,1,-18.7,1,-18.6,1,-18.6,1,-18.6,1,-18.6,1,-18.7,1,-18.6,1,-18.7,1,-18.6,1,-18.7,1,-18.6,1,-18.6,1,-18.6,1,-18.6,1,-18.6,1,-18.6,1,-18.7,1,-18.7,1,-18.6,1,-18.6,1,-18.6,1,-18.6,1,-18.6,1,-18.6,1,-18.5,1,-18.6,1,-18.7,1,-18.6,1,-18.7,1,-18.7,1,-18.7,1,-18.5,1,-18.7,1,-18.6,1,-18.7,1,-18.6,1,-18.7,1,-18.6,1,-18.6,1,-18.7,1,-18.7,1,-18.6,1,-18.5,1,-18.6,1,-18.7,1,-18.7,1,-18.7,1,-18.7,1,-18.7,1,-18.7,1,-18.7,1,-18.7,1
aging,0,preamp,18.0,0.0,0.42,18.44,-20.3,1,-19.8,1,-19.6,1,-19.6,1,-19.6,1,-19.6,1,-19.5,1,-19.5,1,-19.6,1,-19.6,1,-19.7,1,-19.6,1,-19.5,1,-19.5,1,-19.6,1,-19.6,1,-19.6,1,-19.6,1,-19.5,1,-19.6,1,-19.6,1,-19.6,1,-19.5,1,-19.5,1,-19.5,1,-19.5,1,-19.6,1,-19.6,1,-19.6,1,-19.5,1,-19.5,1,-19.6,1,-19.6,1,-19.6,1,-19.5,1,-19.6,1,-19.5,1,-19.6,1,-19.5,1,-19.7,1,-19.5,1,-19.5,1,-19.6,1,-19.6,1,-19.6,1,-19.6,1,-19.5,1,-19.5,1,-19.6,1,-19.6,1,-19.7,1,-19.6,1,-19.5,1,-19.5,1,-19.6,1,-19.6,1,-19.5,1,-19.5,1,-19.5,1,-19.5,1,-19.6,1,-19.5,1,-19.6,1,-19.5,1,-19.5,1,-19.6,1,-19.4,1,-19.5,1,-19.5,1,-19.5,1,-19.5,1,-19.5,1,-19.6,1,-19.6,1,-19.5,1,-19.5,1,-19.5,1,-19.6,1,-19.5,1,-19.6,1,-19.6,1,-19.6,1,-19.5,1,-19.6,1,-19.6,1,-19.6,1,-19.6,1,-19.5,1,-19.6,1,-19.6,1,-19.6,1,-19.7,1,-19.6,1,-19.6,1,-19.6,1
aging,0,preamp,18.0,0.0,-0.47,17.55,-21.2,1,-20.8,1,-20.5,1,-20.5,1,-20.4,1,-20.5,1,-20.5,1,-20.5,1,-20.4,1,-20.5,1,-20.5,1,-20.5,1,-20.5,1,-20.5,1,-20.4,1,-20.5,1,-20.5,1,-20.5,1,-20.5,1,-20.5,1,-20.5,1,-20.4,1,-20.6,1,-20.5,1,-20.5,1,-20.5,1,-20.5,1,-20.5,1,-20.5,1,-20.5,1,-20.4,1,-20.5,1,-20.4,1,-20.4,1,-20.5,1,-20.5,1,-20.5,1,-20.5,1,-20.6,1,-20.5,1,-20.4,1,-20.5,1,-20.5,1,-20.5,1,-20.4,1,-20.5,1,-20.4,1,-20.4,1,-20.5,1,-20.5,1,-20.5,1,-20.4,1,-20.4,1,-20.5,1,-20.5,1,-20.4,1,-20.3,1,-20.4,1,-20.4,1,-20.5,1,-20.5,1,-20.5,1,-20.4,1,-20.4,1,-20.6,1,-20.4,1,-20.4,1,-20.4,1,-20.5,1,-20.5,1,-20.5,1,-20.4,1,-20.5,1,-20.5,1,-20.4,1,-20.5,1,-20.4,1,-20.5,1,-20.5,1,-20.5,1,-20.6,1,-20.6,1,-20.5,1,-20.5,1,-20.5,1,-20.5,1,-20.5,1,-20.6,1,-20.6,1,-20.6,1,-20.5,1,-20.5,1,-20.6,1,-20.6,1,-20.5,1
aging,0,preamp,18.0,0.0,0.46,18.47,-19.7,1,-31.1,0,-16.7,1,-31.2,0,-16.8,1,-31.2,0,-16.7,1,-31.3,0,-16.6,1,-31.3,0,-16.8,1,-31.6,0,-16.7,1,-31.6,0,-16.8,1,-31.7,0,-16.7,1,-31.8,0,-16.8,1,-31.6,0,-16.7,1,-31.8,0,-16.8,1,-31.7,0,-16.7,1,-31.6,0,-16.8,1,-31.8,0,-16.7,1,-31.7,0,-16.7,1,-31.7,0,-16.8,1,-31.7,0,-16.8,1,-31.5,0,-16.7,1,-31.7,0,-16.7,1,-31.8,0,-16.7,1,-31.7,0,-16.8,1,-31.9,0,-16.7,1,-31.9,0,-16.7,1,-31.9,0,-16.7,1,-32.1,0,-16.8,1,-31.9,0,-16.7,1,-31.9,0,-16.7,1,-32.0,0,-16.8,1,-31.8,0,-16.6,1,-31.8,0,-16.7,1,-31.2,0,-16.7,1,-31.6,0,-16.7,1,-31.7,0,-16.7,1,-31.8,0,-16.8,1,-31.9,0,-16.6,1,-32.2,0,-16.8,1,-32.4,0,-16.7,1,-32.6,0,-16.7,1,-32.8,0,-16.7,1,-32.8,0,-16.7,1,-33.0,0,-16.6,1,-33.0,0,-16.8,1,-33.1,0,-16.8,1,-33.4,0,-16.7,1,-33.4,0,-16.8,1,-33.3,0,-16.8,1,-33.3,0,-16.8,1
aging,0,preamp,18.0,0.0,-2.91,15.13,-21.2,1,-30.0,0,-20.4,1,-30.0,0,-20.5,1,-30.1,0,-20.5,1,-30.1,0,-20.5,1,-30.2,0,-20.5,1,-30.4,0,-20.5,1,-30.4,0,-20.4,1,-30.6,0,-20.5,1,-30.7,0,-20.5,1,-30.4,0,-20.5,1,-30.6,0,-20.5,1,-30.6,0,-20.5,1,-30.5,0,-20.5,1,-30.6,0,-20.5,1,-30.5,0,-20.4,1,-30.5,0,-20.4,1,-30.6,0,-20.5,1,-30.4,0,-20.5,1,-30.5,0,-20.6,1,-30.6,0,-20.4,1,-30.6,0,-20.5,1,-30.8,0,-20.4,1,-30.8,0,-20.5,1,-30.7,0,-20.4,1,-30.8,0,-20.6,1,-30.7,0,-20.5,1,-30.7,0,-20.4,1,-30.7,0,-20.4,1,-30.5,0,-20.4,1,-30.5,0,-20.5,1,-29.8,0,-20.4,1,-30.3,0,-20.6,1,-30.5,0,-20.3,1,-30.6,0,-20.4,1,-30.6,0,-20.5,1,-30.9,0,-20.5,1,-31.0,0,-20.5,1,-31.2,0,-20.4,1,-31.4,0,-20.5,1,-31.5,0,-20.5,1,-31.5,0,-20.5,1,-31.6,0,-20.4,1,-31.7,0,-20.6,1,-32.0,0,-20.6,1,-31.8,0,-20.6,1,-31.8,0,-20.6,1,-31.9,0,-20.6,1
aging,0,preamp,18.0,0.0,0.3,18.31,-31.3,0,-17.7,1,-31.1,0,-16.9,1,-31.1,0,-16.9,1,-31.2,0,-16.8,1,-31.4,0,-16.9,1,-31.4,0,-16.8,1,-31.6,0,-16.9,1,-31.7,0,-16.9,1,-31.7,0,-16.9,1,-31.6,0,-16.9,1,-31.7,0,-16.9,1,-31.8,0,-16.8,1,-31.9,0,-16.9,1,-31.7,0,-16.8,1,-31.7,0,-16.8,1,-31.8,0,-16.8,1,-31.6,0,-16.8,1,-31.6,0,-16.8,1,-31.7,0,-16.8,1,-31.8,0,-16.9,1,-31.8,0,-16.9,1,-31.9,0,-16.8,1,-31.9,0,-16.9,1,-31.9,0,-16.8,1,-32.0,0,-16.9,1,-31.9,0,-16.8,1,-32.0,0,-16.8,1,-32.0,0,-16.9,1,-31.8,0,-16.8,1,-31.8,0,-16.8,1,-31.8,0,-16.9,1,-31.7,0,-16.8,1,-31.7,0,-16.8,1,-31.8,0,-16.9,1,-31.9,0,-16.8,1,-32.0,0,-16.8,1,-32.3,0,-16.9,1,-32.5,0,-16.8,1,-32.7,0,-16.8,1,-32.9,0,-16.8,1,-33.0,0,-16.8,1,-32.9,0,-16.8,1,-33.1,0,-16.8,1,-33.2,0,-16.8,1,-33.4,0,-16.8,1,-33.3,0,-16.9,1,-33.2,0,-16.9,1,-33.3,0
aging,0,preamp,18.0,0.0,-2.97,15.05,-30.1,0,-20.8,1,-30.1,0,-20.5,1,-30.0,0,-20.6,1,-30.1,0,-20.5,1,-30.3,0,-20.5,1,-30.3,0,-20.5,1,-30.5,0,-20.5,1,-30.6,0,-20.4,1,-30.6,0,-20.4,1,-30.5,0,-20.5,1,-30.5,0,-20.5,1,-30.6,0,-20.5,1,-30.7,0,-20.5,1,-30.5,0,-20.5,1,-30.5,0,-20.5,1,-30.6,0,-20.5,1,-30.4,0,-20.5,1,-30.5,0,-20.5,1,-30.5,0,-20.5,1,-30.6,0,-20.6,1,-30.7,0,-20.5,1,-30.7,0,-20.5,1,-30.8,0,-20.5,1,-30.7,0,-20.4,1,-30.8,0,-20.5,1,-30.8,0,-20.5,1,-30.8,0,-20.5,1,-30.7,0,-20.6,1,-30.6,0,-20.4,1,-30.6,0,-20.6,1,-30.6,0,-20.4,1,-30.4,0,-20.4,1,-30.5,0,-20.5,1,-30.6,0,-20.4,1,-30.6,0,-20.5,1,-30.7,0,-20.5,1,-31.0,0,-20.4,1,-31.2,0,-20.4,1,-31.3,0,-20.4,1,-31.5,0,-20.5,1,-31.5,0,-20.5,1,-31.5,0,-20.6,1,-31.7,0,-20.5,1,-31.9,0,-20.5,1,-32.0,0,-20.5,1,-31.9,0,-20.6,1,-31.8,0,-20.6,1,-32.0,0
aging,0,preamp,18.0,0.0,0.28,18.28,-19.7,1,-17.7,1,-16.8,1,-16.9,1,-16.9,1,-16.8,1,-16.8,1,-16.9,1,-16.8,1,-16.8,1,-16.9,1,-16.8,1,-16.9,1,-16.8,1,-16.8,1,-16.9,1,-16.9,1,-16.8,1,-16.9,1,-16.8,1,-16.9,1,-16.8,1,-16.8,1,-16.8,1,-16.8,1,-16.8,1,-16.9,1,-16.8,1,-16.8,1,-16.8,1,-16.9,1,-16.9,1,-16.9,1,-16.8,1,-16.8,1,-16.8,1,-16.8,1,-16.8,1,-16.9,1,-16.9,1,-16.8,1,-16.8,1,-16.9,1,-16.8,1,-16.9,1,-16.8,1,-16.9,1,-16.8,1,-31.6,0,-31.8,0,-31.6,0,-31.6,0,-31.6,0,-31.5,0,-31.6,0,-31.6,0,-31.4,0,-31.4,0,-31.4,0,-31.4,0,-31.4,0,-31.2,0,-31.2,0,-31.2,0,-31.3,0,-31.4,0,-31.4,0,-31.4,0,-31.4,0,-31.4,0,-31.6,0,-31.8,0,-31.8,0,-32.0,0,-32.0,0,-32.1,0,-32.2,0,-32.3,0,-32.3,0,-32.3,0,-32.3,0,-32.3,0,-32.3,0,-32.4,0,-32.4,0,-32.4,0,-32.5,0,-32.6,0,-32.6,0,-32.6,0,-32.6,0,-32.6,0,-32.6,0,-32.6,0,-32.6,0
aging,0,preamp,18.0,0.0,-3.14,14.89,-21.5,1,-20.9,1,-20.6,1,-20.7,1,-20.6,1,-20.8,1,-20.7,1,-20.8,1,-20.6,1,-20.7,1,-20.7,1,-20.7,1,-20.7,1,-20.6,1,-20.6,1,-20.7,1,-20.7,1,-20.8,1,-20.7,1,-20.7,1,-20.8,1,-20.6,1,-20.7,1,-20.7,1,-20.7,1,-20.7,1,-20.7,1,-20.7,1,-20.7,1,-20.6,1,-20.7,1,-20.7,1,-20.7,1,-20.6,1,-20.6,1,-20.7,1,-20.7,1,-20.8,1,-20.9,1,-20.8,1,-20.7,1,-20.6,1,-20.7,1,-20.6,1,-20.6,1,-20.7,1,-20.6,1,-20.6,1,-30.4,0,-30.5,0,-30.4,0,-30.4,0,-30.4,0,-30.3,0,-30.4,0,-30.4,0,-30.3,0,-30.2,0,-30.2,0,-30.2,0,-30.3,0,-30.1,0,-30.1,0,-30.1,0,-30.1,0,-30.2,0,-30.2,0,-30.3,0,-30.2,0,-30.3,0,-30.4,0,-30.5,0,-30.6,0,-30.7,0,-30.8,0,-30.8,0,-30.9,0,-30.9,0,-31.0,0,-30.9,0,-31.0,0,-31.0,0,-31.0,0,-31.0,0,-31.0,0,-31.1,0,-31.1,0,-31.3,0,-31.2,0,-31.3,0,-31.3,0,-31.3,0,-31.3,0,-31.2,0,-31.3,0
aging,0,preamp,18.0,0.0,0.66,18.67,-31.2,0,-31.2,0,-31.2,0,-31.2,0,-31.2,0,-31.3,0,-31.3,0,-31.4,0,-31.5,0,-31.4,0,-31.5,0,-31.6,0,-31.6,0,-31.6,0,-31.7,0,-31.7,0,-31.7,0,-31.8,0,-31.6,0,-31.6,0,-31.7,0,-31.8,0,-31.7,0,-31.8,0,-31.8,0,-31.6,0,-31.6,0,-31.7,0,-31.6,0,-31.6,0,-31.7,0,-31.6,0,-31.5,0,-31.7,0,-31.6,0,-31.5,0,-31.7,0,-31.7,0,-31.7,0,-31.8,0,-31.7,0,-31.7,0,-31.8,0,-31.9,0,-31.8,0,-31.9,0,-31.9,0,-31.7,0,-16.5,1,-16.5,1,-16.6,1,-16.5,1,-16.5,1,-16.4,1,-16.4,1,-16.5,1,-16.6,1,-16.5,1,-16.5,1,-16.4,1,-16.6,1,-16.5,1,-16.5,1,-16.5,1,-16.5,1,-16.4,1,-16.4,1,-16.5,1,-16.6,1,-16.5,1,-16.5,1,-16.4,1,-16.6,1,-16.5,1,-16.5,1,-16.5,1,-16.5,1,-16.4,1,-16.5,1,-16.5,1,-16.5,1,-16.5,1,-16.4,1,-16.4,1,-16.5,1,-16.6,1,-16.5,1,-16.6,1,-16.5,1,-16.5,1,-16.6,1,-16.6,1,-16.6,1,-16.6,1,-16.5,1
aging,0,preamp,18.0,0.0,-2.84,15.2,-30.1,0,-30.1,0,-30.1,0,-30.1,0,-30.1,0,-30.2,0,-30.2,0,-30.3,0,-30.4,0,-30.4,0,-30.4,0,-30.5,0,-30.5,0,-30.5,0,-30.6,0,-30.6,0,-30.6,0,-30.7,0,-30.5,0,-30.5,0,-30.6,0,-30.7,0,-30.6,0,-30.6,0,-30.7,0,-30.5,0,-30.5,0,-30.6,0,-30.5,0,-30.5,0,-30.5,0,-30.5,0,-30.4,0,-30.6,0,-30.4,0,-30.4,0,-30.5,0,-30.6,0,-30.5,0,-30.6,0,-30.6,0,-30.6,0,-30.6,0,-30.7,0,-30.7,0,-30.7,0,-30.7,0,-30.6,0,-20.4,1,-20.3,1,-20.4,1,-20.3,1,-20.4,1,-20.3,1,-20.4,1,-20.4,1,-20.3,1,-20.3,1,-20.4,1,-20.4,1,-20.3,1,-20.2,1,-20.3,1,-20.4,1,-20.4,1,-20.5,1,-20.3,1,-20.3,1,-20.3,1,-20.4,1,-20.4,1,-20.3,1,-20.3,1,-20.4,1,-20.3,1,-20.3,1,-20.3,1,-20.3,1,-20.4,1,-20.4,1,-20.3,1,-20.5,1,-20.4,1,-20.3,1,-20.4,1,-20.4,1,-20.5,1,-20.5,1,-20.4,1,-20.4,1,-20.5,1,-20.4,1,-20.5,1,-20.5,1,-20.5,1
aging,0,preamp,18.0,0.0,-8.65,9.45,-30.4,0,-30.4,0,-30.4,0,-30.2,0,-17.5,1,-30.4,0,-30.6,0,-30.6,0,-30.7,0,-30.7,0,-30.7,0,-30.8,0,-30.8,0,-30.8,0,-31.0,0,-31.0,0,-31.0,0,-31.0,0,-30.9,0,-30.8,0,-31.0,0,-31.0,0,-31.0,0,-31.0,0,-31.0,0,-30.8,0,-30.8,0,-30.9,0,-30.8,0,-30.8,0,-30.9,0,-30.8,0,-30.8,0,-30.9,0,-30.8,0,-30.7,0,-30.9,0,-30.9,0,-30.9,0,-31.0,0,-30.9,0,-30.9,0,-31.0,0,-31.1,0,-31.0,0,-31.0,0,-31.0,0,-31.0,0,-31.1,0,-31.1,0,-31.0,0,-30.9,0,-31.0,0,-30.9,0,-30.9,0,-30.9,0,-30.7,0,-30.7,0,-30.7,0,-30.7,0,-30.7,0,-29.3,0,-30.6,0,-30.6,0,-30.6,0,-30.7,0,-30.7,0,-30.8,0,-30.8,0,-30.8,0,-30.9,0,-31.0,0,-31.1,0,-31.3,0,-31.4,0,-31.4,0,-31.5,0,-31.6,0,-31.7,0,-31.6,0,-31.6,0,-31.6,0,-31.6,0,-31.7,0,-31.7,0,-31.7,0,-31.8,0,-31.9,0,-31.9,0,-31.9,0,-31.9,0,-31.9,0,-31.8,0,-31.9,0,-31.9,0
aging,0,preamp,18.0,0.0,-8.64,9.47,-30.5,0,-30.5,0,-30.5,0,-30.5,0,-30.5,0,-30.6,0,-30.6,0,-30.7,0,-30.8,0,-30.8,0,-30.8,0,-30.9,0,-30.9,0,-30.9,0,-31.1,0,-31.1,0,-31.1,0,-31.2,0,-30.7,0,-17.3,1,-30.9,0,-31.1,0,-31.1,0,-31.1,0,-31.1,0,-30.9,0,-30.9,0,-31.0,0,-30.9,0,-30.9,0,-31.0,0,-30.9,0,-30.9,0,-31.0,0,-30.8,0,-30.8,0,-31.0,0,-31.0,0,-30.9,0,-31.1,0,-31.0,0,-31.0,0,-31.1,0,-31.1,0,-31.1,0,-31.1,0,-31.1,0,-31.1,0,-31.1,0,-31.2,0,-31.1,0,-31.0,0,-31.1,0,-31.0,0,-31.0,0,-31.0,0,-30.8,0,-30.8,0,-30.9,0,-30.8,0,-30.8,0,-30.6,0,-30.7,0,-30.6,0,-30.7,0,-30.8,0,-30.8,0,-30.8,0,-30.8,0,-30.9,0,-31.0,0,-31.2,0,-31.2,0,-31.4,0,-31.5,0,-31.5,0,-31.6,0,-31.7,0,-31.7,0,-31.7,0,-31.7,0,-31.7,0,-31.7,0,-31.8,0,-31.8,0,-31.8,0,-31.9,0,-32.0,0,-32.0,0,-32.0,0,-32.0,0,-32.0,0,-32.0,0,-32.0,0,-32.1,0
aging,0,preamp,18.0,0.0,-8.53,9.57,-30.7,0,-30.7,0,-30.7,0,-30.7,0,-30.7,0,-30.8,0,-30.8,0,-30.9,0,-31.0,0,-31.0,0,-31.0,0,-31.1,0,-31.1,0,-31.1,0,-31.3,0,-31.3,0,-31.2,0,-31.4,0,-31.2,0,-31.2,0,-31.2,0,-31.3,0,-31.3,0,-31.3,0,-31.3,0,-31.1,0,-31.1,0,-31.2,0,-31.1,0,-31.1,0,-31.2,0,-31.1,0,-31.0,0,-30.9,0,-16.6,1,-30.9,0,-31.2,0,-31.2,0,-31.1,0,-31.3,0,-31.2,0,-31.2,0,-31.3,0,-31.3,0,-31.3,0,-31.3,0,-31.3,0,-31.3,0,-31.3,0,-31.4,0,-31.3,0,-31.2,0,-31.3,0,-31.2,0,-31.2,0,-31.2,0,-31.1,0,-31.0,0,-31.0,0,-31.0,0,-31.0,0,-30.6,0,-30.9,0,-30.9,0,-30.9,0,-31.0,0,-31.0,0,-31.0,0,-31.0,0,-31.0,0,-31.2,0,-31.4,0,-31.4,0,-31.6,0,-31.7,0,-31.7,0,-31.8,0,-31.9,0,-31.9,0,-31.9,0,-31.9,0,-31.9,0,-31.9,0,-32.0,0,-32.0,0,-32.1,0,-32.2,0,-32.3,0,-32.2,0,-32.2,0,-32.2,0,-32.2,0,-32.2,0,-32.2,0,-32.2,0
aging,0,preamp,18.0,0.0,-8.61,9.49,-30.5,0,-30.5,0,-30.5,0,-30.5,0,-30.5,0,-30.6,0,-30.6,0,-30.7,0,-30.8,0,-30.8,0,-30.8,0,-30.9,0,-30.9,0,-30.9,0,-31.1,0,-31.0,0,-31.0,0,-31.1,0,-31.0,0,-30.9,0,-31.0,0,-31.1,0,-31.0,0,-31.1,0,-31.1,0,-30.9,0,-30.9,0,-31.0,0,-30.9,0,-30.9,0,-31.0,0,-30.9,0,-30.9,0,-31.0,0,-30.8,0,-30.8,0,-30.9,0,-31.0,0,-31.0,0,-31.0,0,-31.0,0,-30.9,0,-31.1,0,-31.1,0,-31.1,0,-31.1,0,-31.1,0,-31.0,0,-30.9,0,-17.3,1,-30.9,0,-31.0,0,-31.0,0,-31.0,0,-31.0,0,-31.0,0,-30.8,0,-30.8,0,-30.8,0,-30.8,0,-30.8,0,-30.1,0,-30.7,0,-30.6,0,-30.7,0,-30.7,0,-30.8,0,-30.8,0,-30.8,0,-30.8,0,-31.0,0,-31.1,0,-31.2,0,-31.3,0,-31.5,0,-31.5,0,-31.6,0,-31.6,0,-31.7,0,-31.7,0,-31.7,0,-31.7,0,-31.7,0,-31.8,0,-31.8,0,-31.8,0,-31.9,0,-32.0,0,-32.0,0,-32.0,0,-32.0,0,-31.9,0,-31.9,0,-32.0,0,-32.0,0
aging,0,preamp,18.0,0.0,-8.6,9.5,-30.6,0,-30.6,0,-30.6,0,-30.6,0,-30.7,0,-30.7,0,-30.7,0,-30.8,0,-30.9,0,-30.9,0,-30.9,0,-31.0,0,-31.0,0,-31.0,0,-31.2,0,-31.2,0,-31.2,0,-31.2,0,-31.1,0,-31.0,0,-31.2,0,-31.2,0,-31.2,0,-31.2,0,-31.2,0,-31.0,0,-31.0,0,-31.1,0,-31.0,0,-31.0,0,-31.1,0,-31.0,0,-31.0,0,-31.1,0,-31.0,0,-30.9,0,-31.1,0,-31.1,0,-31.1,0,-31.2,0,-31.1,0,-31.1,0,-31.2,0,-31.3,0,-31.2,0,-31.2,0,-31.2,0,-31.2,0,-31.2,0,-31.3,0,-31.2,0,-31.2,0,-31.2,0,-31.1,0,-31.2,0,-31.1,0,-30.9,0,-30.9,0,-31.0,0,-30.9,0,-31.0,0,-30.8,0,-30.8,0,-30.6,0,-17.0,1,-30.8,0,-30.9,0,-31.0,0,-31.0,0,-31.0,0,-31.1,0,-31.3,0,-31.3,0,-31.5,0,-31.6,0,-31.6,0,-31.7,0,-31.8,0,-31.9,0,-31.8,0,-31.9,0,-31.9,0,-31.8,0,-31.9,0,-31.9,0,-31.9,0,-32.1,0,-32.1,0,-32.2,0,-32.1,0,-32.2,0,-32.1,0,-32.1,0,-32.1,0,-32.2,0
aging,0,preamp,18.0,0.0,-8.59,9.51,-30.4,0,-30.4,0,-30.4,0,-30.4,0,-30.4,0,-30.5,0,-30.5,0,-30.6,0,-30.7,0,-30.7,0,-30.7,0,-30.8,0,-30.8,0,-30.8,0,-31.0,0,-31.0,0,-30.9,0,-31.0,0,-30.9,0,-30.8,0,-30.9,0,-31.0,0,-30.9,0,-31.0,0,-31.0,0,-30.8,0,-30.8,0,-30.9,0,-30.8,0,-30.8,0,-30.9,0,-30.8,0,-30.7,0,-30.9,0,-30.7,0,-30.7,0,-30.8,0,-30.9,0,-30.8,0,-30.9,0,-30.9,0,-30.8,0,-31.0,0,-31.0,0,-31.0,0,-31.0,0,-30.9,0,-30.9,0,-31.0,0,-31.0,0,-30.9,0,-30.9,0,-31.0,0,-30.8,0,-30.9,0,-30.9,0,-30.7,0,-30.7,0,-30.7,0,-30.7,0,-30.7,0,-29.9,0,-30.6,0,-30.5,0,-30.6,0,-30.7,0,-30.7,0,-30.7,0,-30.7,0,-30.7,0,-30.9,0,-31.0,0,-31.1,0,-31.2,0,-31.3,0,-31.4,0,-31.4,0,-31.6,0,-31.5,0,-17.5,1,-31.4,0,-31.6,0,-31.6,0,-31.7,0,-31.7,0,-31.7,0,-31.8,0,-31.9,0,-31.9,0,-31.9,0,-31.9,0,-31.9,0,-31.8,0,-31.9,0,-31.9,0
aging,0,preamp,18.0,0.0,-8.59,9.51,-30.4,0,-30.4,0,-30.5,0,-30.5,0,-30.5,0,-30.5,0,-30.6,0,-30.6,0,-30.7,0,-30.7,0,-30.7,0,-30.8,0,-30.8,0,-30.8,0,-31.0,0,-31.0,0,-31.0,0,-31.1,0,-30.9,0,-30.8,0,-31.0,0,-31.0,0,-31.0,0,-31.0,0,-31.0,0,-30.8,0,-30.8,0,-30.9,0,-30.8,0,-30.8,0,-30.9,0,-30.8,0,-30.8,0,-30.9,0,-30.7,0,-30.7,0,-30.9,0,-30.9,0,-30.8,0,-31.0,0,-30.9,0,-30.9,0,-31.0,0,-31.0,0,-30.9,0,-31.0,0,-31.0,0,-30.9,0,-31.0,0,-31.0,0,-30.9,0,-30.9,0,-31.0,0,-30.9,0,-30.9,0,-30.9,0,-30.7,0,-30.7,0,-30.7,0,-30.7,0,-30.7,0,-30.5,0,-30.6,0,-30.6,0,-30.6,0,-30.7,0,-30.7,0,-30.8,0,-30.7,0,-30.8,0,-30.9,0,-31.1,0,-31.1,0,-31.3,0,-31.4,0,-31.4,0,-31.5,0,-31.5,0,-31.6,0,-31.6,0,-31.6,0,-31.6,0,-31.6,0,-31.6,0,-31.6,0,-31.7,0,-31.8,0,-31.9,0,-31.9,0,-31.9,0,-31.9,0,-31.9,0,-31.9,0,-31.8,0,-17.5,1
aging,0,preamp,18.0,0.0,-8.97,9.14,-29.7,0,-29.7,0,-29.7,0,-29.7,0,-21.2,1,-29.7,0,-29.8,0,-29.9,0,-30.0,0,-29.9,0,-30.0,0,-30.0,0,-30.0,0,-30.0,0,-30.2,0,-30.2,0,-30.2,0,-30.2,0,-30.1,0,-30.1,0,-30.2,0,-30.2,0,-30.2,0,-30.2,0,-30.2,0,-30.0,0,-30.0,0,-30.1,0,-30.0,0,-30.0,0,-30.1,0,-30.0,0,-30.0,0,-30.1,0,-30.0,0,-30.0,0,-30.0,0,-30.1,0,-30.1,0,-30.1,0,-30.1,0,-30.1,0,-30.1,0,-30.2,0,-30.2,0,-30.2,0,-30.1,0,-30.1,0,-30.2,0,-30.2,0,-30.1,0,-30.1,0,-30.1,0,-30.1,0,-30.1,0,-30.1,0,-30.0,0,-29.9,0,-30.0,0,-29.9,0,-29.9,0,-29.8,0,-29.9,0,-29.8,0,-29.9,0,-29.9,0,-29.9,0,-30.0,0,-30.0,0,-30.0,0,-30.1,0,-30.2,0,-30.3,0,-30.4,0,-30.5,0,-30.5,0,-30.5,0,-30.6,0,-30.7,0,-30.6,0,-30.7,0,-30.6,0,-30.6,0,-30.7,0,-30.7,0,-30.7,0,-30.8,0,-30.8,0,-30.8,0,-30.9,0,-30.8,0,-30.8,0,-30.8,0,-30.8,0,-30.9,0
aging,0,preamp,18.0,0.0,-8.97,9.14,-29.7,0,-29.7,0,-29.7,0,-29.8,0,-29.8,0,-29.8,0,-29.8,0,-29.9,0,-30.0,0,-29.9,0,-30.0,0,-30.0,0,-30.0,0,-30.0,0,-30.2,0,-30.2,0,-30.2,0,-30.2,0,-30.0,0,-21.0,1,-30.1,0,-30.2,0,-30.2,0,-30.2,0,-30.2,0,-30.0,0,-30.1,0,-30.1,0,-30.0,0,-30.0,0,-30.1,0,-30.0,0,-30.0,0,-30.1,0,-30.0,0,-30.0,0,-30.1,0,-30.1,0,-30.1,0,-30.1,0,-30.1,0,-30.1,0,-30.1,0,-30.2,0,-30.2,0,-30.2,0,-30.2,0,-30.1,0,-30.2,0,-30.2,0,-30.2,0,-30.1,0,-30.1,0,-30.1,0,-30.1,0,-30.1,0,-30.0,0,-30.0,0,-30.0,0,-30.0,0,-30.0,0,-29.7,0,-29.9,0,-29.8,0,-29.9,0,-29.9,0,-29.9,0,-30.0,0,-30.0,0,-30.0,0,-30.1,0,-30.2,0,-30.3,0,-30.4,0,-30.5,0,-30.5,0,-30.5,0,-30.6,0,-30.7,0,-30.6,0,-30.7,0,-30.7,0,-30.7,0,-30.7,0,-30.7,0,-30.7,0,-30.8,0,-30.9,0,-30.9,0,-30.9,0,-30.9,0,-30.9,0,-30.8,0,-30.9,0,-30.9,0
aging,0,preamp,18.0,0.0,-8.95,9.15,-29.7,0,-29.7,0,-29.7,0,-29.8,0,-29.8,0,-29.8,0,-29.8,0,-29.9,0,-30.0,0,-29.9,0,-30.0,0,-30.0,0,-30.0,0,-30.0,0,-30.2,0,-30.2,0,-30.2,0,-30.2,0,-30.1,0,-30.1,0,-30.2,0,-30.2,0,-30.2,0,-30.2,0,-30.2,0,-30.0,0,-30.1,0,-30.1,0,-30.0,0,-30.0,0,-30.1,0,-30.0,0,-30.0,0,-30.0,0,-20.8,1,-29.9,0,-30.1,0,-30.1,0,-30.1,0,-30.1,0,-30.1,0,-30.1,0,-30.2,0,-30.2,0,-30.2,0,-30.2,0,-30.2,0,-30.2,0,-30.2,0,-30.2,0,-30.1,0,-30.1,0,-30.2,0,-30.1,0,-30.1,0,-30.1,0,-30.0,0,-30.0,0,-30.0,0,-30.0,0,-30.0,0,-29.7,0,-29.9,0,-29.8,0,-29.9,0,-29.9,0,-30.0,0,-30.0,0,-30.0,0,-30.0,0,-30.1,0,-30.2,0,-30.3,0,-30.4,0,-30.5,0,-30.5,0,-30.6,0,-30.6,0,-30.7,0,-30.6,0,-30.7,0,-30.7,0,-30.7,0,-30.7,0,-30.7,0,-30.7,0,-30.8,0,-30.9,0,-30.9,0,-30.9,0,-30.9,0,-30.8,0,-30.8,0,-30.9,0,-30.9,0
aging,0,preamp,18.0,0.0,-8.95,9.15,-29.7,0,-29.7,0,-29.7,0,-29.8,0,-29.8,0,-29.8,0,-29.8,0,-29.9,0,-29.9,0,-29.9,0,-30.0,0,-30.0,0,-30.0,0,-30.0,0,-30.2,0,-30.2,0,-30.2,0,-30.2,0,-30.1,0,-30.1,0,-30.1,0,-30.2,0,-30.2,0,-30.2,0,-30.2,0,-30.0,0,-30.0,0,-30.1,0,-30.0,0,-30.0,0,-30.1,0,-30.0,0,-30.0,0,-30.1,0,-30.0,0,-30.0,0,-30.0,0,-30.1,0,-30.1,0,-30.1,0,-30.1,0,-30.1,0,-30.1,0,-30.2,0,-30.2,0,-30.2,0,-30.1,0,-30.1,0,-30.1,0,-20.9,1,-30.1,0,-30.1,0,-30.1,0,-30.1,0,-30.1,0,-30.1,0,-30.0,0,-29.9,0,-30.0,0,-29.9,0,-30.0,0,-29.1,0,-29.9,0,-29.8,0,-29.9,0,-29.9,0,-30.0,0,-30.0,0,-30.0,0,-30.0,0,-30.1,0,-30.2,0,-30.2,0,-30.4,0,-30.5,0,-30.5,0,-30.5,0,-30.6,0,-30.7,0,-30.6,0,-30.7,0,-30.6,0,-30.6,0,-30.7,0,-30.7,0,-30.7,0,-30.8,0,-30.9,0,-30.9,0,-30.9,0,-30.9,0,-30.8,0,-30.8,0,-30.9,0,-30.9,0
aging,0,preamp,18.0,0.0,-8.95,9.15,-29.7,0,-29.7,0,-29.7,0,-29.8,0,-29.8,0,-29.8,0,-29.8,0,-29.9,0,-30.0,0,-30.0,0,-30.0,0,-30.0,0,-30.0,0,-30.1,0,-30.2,0,-30.2,0,-30.2,0,-30.2,0,-30.1,0,-30.1,0,-30.2,0,-30.2,0,-30.2,0,-30.2,0,-30.2,0,-30.0,0,-30.1,0,-30.1,0,-30.0,0,-30.1,0,-30.1,0,-30.0,0,-30.0,0,-30.1,0,-30.0,0,-30.0,0,-30.1,0,-30.1,0,-30.1,0,-30.1,0,-30.1,0,-30.1,0,-30.2,0,-30.2,0,-30.2,0,-30.2,0,-30.2,0,-30.1,0,-30.2,0,-30.2,0,-30.2,0,-30.1,0,-30.2,0,-30.1,0,-30.1,0,-30.1,0,-30.0,0,-30.0,0,-30.0,0,-30.0,0,-30.0,0,-29.4,0,-29.9,0,-29.8,0,-20.6,1,-29.8,0,-30.0,0,-30.0,0,-30.0,0,-30.0,0,-30.1,0,-30.2,0,-30.3,0,-30.4,0,-30.5,0,-30.5,0,-30.6,0,-30.6,0,-30.7,0,-30.6,0,-30.7,0,-30.7,0,-30.7,0,-30.7,0,-30.7,0,-30.7,0,-30.8,0,-30.9,0,-30.9,0,-30.9,0,-30.9,0,-30.9,0,-30.9,0,-30.9,0,-30.9,0
aging,0,preamp,18.0,0.0,-8.95,9.16,-29.7,0,-29.7,0,-29.7,0,-29.8,0,-29.8,0,-29.8,0,-29.8,0,-29.9,0,-29.9,0,-29.9,0,-29.9,0,-30.0,0,-30.0,0,-30.0,0,-30.2,0,-30.1,0,-30.1,0,-30.2,0,-30.1,0,-30.1,0,-30.1,0,-30.2,0,-30.2,0,-30.2,0,-30.2,0,-30.0,0,-30.0,0,-30.1,0,-30.0,0,-30.0,0,-30.1,0,-30.0,0,-30.0,0,-30.1,0,-30.0,0,-30.0,0,-30.0,0,-30.1,0,-30.0,0,-30.1,0,-30.1,0,-30.1,0,-30.1,0,-30.2,0,-30.1,0,-30.2,0,-30.1,0,-30.1,0,-30.2,0,-30.2,0,-30.1,0,-30.1,0,-30.1,0,-30.1,0,-30.1,0,-30.1,0,-30.0,0,-29.9,0,-29.9,0,-29.9,0,-29.9,0,-29.7,0,-29.8,0,-29.8,0,-29.9,0,-29.9,0,-29.9,0,-30.0,0,-29.9,0,-30.0,0,-30.1,0,-30.2,0,-30.3,0,-30.4,0,-30.4,0,-30.5,0,-30.5,0,-30.6,0,-30.6,0,-21.2,1,-30.5,0,-30.6,0,-30.6,0,-30.7,0,-30.7,0,-30.7,0,-30.8,0,-30.8,0,-30.8,0,-30.8,0,-30.8,0,-30.8,0,-30.8,0,-30.8,0,-30.9,0
aging,0,preamp,18.0,0.0,-8.94,9.17,-29.7,0,-29.7,0,-29.7,0,-29.8,0,-29.8,0,-29.8,0,-29.8,0,-29.9,0,-29.9,0,-29.9,0,-30.0,0,-30.0,0,-30.0,0,-30.0,0,-30.2,0,-30.1,0,-30.1,0,-30.2,0,-30.1,0,-30.1,0,-30.1,0,-30.2,0,-30.2,0,-30.2,0,-30.2,0,-30.0,0,-30.0,0,-30.1,0,-30.0,0,-30.0,0,-30.0,0,-30.0,0,-30.0,0,-30.0,0,-30.0,0,-29.9,0,-30.0,0,-30.0,0,-30.0,0,-30.1,0,-30.1,0,-30.0,0,-30.1,0,-30.2,0,-30.1,0,-30.1,0,-30.1,0,-30.1,0,-30.1,0,-30.2,0,-30.1,0,-30.1,0,-30.1,0,-30.1,0,-30.1,0,-30.0,0,-29.9,0,-29.9,0,-29.9,0,-29.9,0,-29.9,0,-29.5,0,-29.8,0,-29.8,0,-29.9,0,-29.9,0,-29.9,0,-29.9,0,-29.9,0,-30.0,0,-30.1,0,-30.2,0,-30.2,0,-30.4,0,-30.4,0,-30.5,0,-30.5,0,-30.6,0,-30.6,0,-30.6,0,-30.6,0,-30.6,0,-30.6,0,-30.7,0,-30.7,0,-30.7,0,-30.8,0,-30.8,0,-30.8,0,-30.8,0,-30.8,0,-30.8,0,-30.8,0,-30.8,0,-21.1,1
aging,0,preamp,18.0,0.0,-8.15,9.94,-30.5,0,-30.5,0,-30.3,0,-17.3,1,-17.4,1,-30.4,0,-30.6,0,-30.7,0,-30.8,0,-30.8,0,-30.8,0,-30.9,0,-30.9,0,-30.9,0,-31.1,0,-31.1,0,-31.1,0,-31.1,0,-31.0,0,-30.9,0,-31.0,0,-31.1,0,-31.0,0,-31.1,0,-31.1,0,-30.9,0,-30.9,0,-31.0,0,-30.9,0,-30.9,0,-31.0,0,-30.9,0,-30.8,0,-31.0,0,-30.8,0,-30.8,0,-31.0,0,-30.9,0,-30.9,0,-31.0,0,-31.0,0,-30.9,0,-31.1,0,-31.1,0,-31.1,0,-31.1,0,-31.1,0,-31.0,0,-31.1,0,-31.1,0,-31.0,0,-31.0,0,-31.0,0,-30.9,0,-31.0,0,-31.0,0,-30.8,0,-30.8,0,-30.8,0,-30.8,0,-30.8,0,-30.4,0,-30.7,0,-30.6,0,-30.7,0,-30.8,0,-30.8,0,-30.8,0,-30.8,0,-30.8,0,-31.0,0,-31.2,0,-31.2,0,-31.4,0,-31.4,0,-31.5,0,-31.5,0,-31.7,0,-31.7,0,-31.7,0,-31.7,0,-31.7,0,-31.7,0,-31.8,0,-31.8,0,-31.8,0,-31.9,0,-32.0,0,-32.0,0,-32.0,0,-32.0,0,-32.0,0,-32.0,0,-32.0,0,-32.0,0
aging,0,preamp,18.0,0.0,-8.13,9.96,-30.5,0,-30.5,0,-30.6,0,-30.6,0,-30.6,0,-30.7,0,-30.7,0,-30.7,0,-30.9,0,-30.8,0,-30.9,0,-31.0,0,-31.0,0,-30.9,0,-31.1,0,-31.1,0,-31.1,0,-30.9,0,-17.3,1,-17.4,1,-31.0,0,-31.2,0,-31.1,0,-31.2,0,-31.2,0,-31.0,0,-31.0,0,-31.1,0,-31.0,0,-31.0,0,-31.0,0,-31.0,0,-30.9,0,-31.0,0,-30.9,0,-30.9,0,-31.0,0,-31.0,0,-31.0,0,-31.1,0,-31.0,0,-31.0,0,-31.1,0,-31.2,0,-31.1,0,-31.2,0,-31.1,0,-31.1,0,-31.2,0,-31.2,0,-31.1,0,-31.1,0,-31.1,0,-31.0,0,-31.1,0,-31.0,0,-30.9,0,-30.9,0,-30.9,0,-30.8,0,-30.9,0,-29.4,0,-30.8,0,-30.7,0,-30.8,0,-30.8,0,-30.9,0,-30.9,0,-30.9,0,-30.9,0,-31.1,0,-31.2,0,-31.3,0,-31.4,0,-31.5,0,-31.5,0,-31.7,0,-31.7,0,-31.8,0,-31.7,0,-31.8,0,-31.8,0,-31.8,0,-31.8,0,-31.9,0,-31.9,0,-32.0,0,-32.1,0,-32.1,0,-32.1,0,-32.1,0,-32.1,0,-32.0,0,-32.1,0,-32.1,0
aging,0,preamp,18.0,0.0,-8.03,10.05,-30.7,0,-30.7,0,-30.7,0,-30.7,0,-30.7,0,-30.8,0,-30.8,0,-30.9,0,-31.0,0,-30.9,0,-31.0,0,-31.1,0,-31.1,0,-31.1,0,-31.3,0,-31.2,0,-31.2,0,-31.3,0,-31.2,0,-31.1,0,-31.2,0,-31.3,0,-31.2,0,-31.3,0,-31.3,0,-31.1,0,-31.1,0,-31.2,0,-31.1,0,-31.1,0,-31.2,0,-31.1,0,-30.8,0,-16.9,1,-17.0,1,-30.9,0,-31.2,0,-31.2,0,-31.2,0,-31.2,0,-31.2,0,-31.2,0,-31.3,0,-31.3,0,-31.3,0,-31.3,0,-31.3,0,-31.3,0,-31.3,0,-31.3,0,-31.2,0,-31.2,0,-31.2,0,-31.2,0,-31.2,0,-31.2,0,-31.0,0,-31.0,0,-31.0,0,-31.0,0,-31.0,0,-29.8,0,-30.9,0,-30.8,0,-30.9,0,-31.0,0,-31.0,0,-31.0,0,-31.0,0,-31.0,0,-31.2,0,-31.3,0,-31.4,0,-31.5,0,-31.7,0,-31.7,0,-31.8,0,-31.9,0,-32.0,0,-31.9,0,-31.9,0,-31.9,0,-31.9,0,-32.0,0,-32.0,0,-32.0,0,-32.2,0,-32.2,0,-32.2,0,-32.2,0,-32.2,0,-32.2,0,-32.2,0,-32.2,0,-32.2,0
aging,0,preamp,18.0,0.0,-8.1,9.99,-30.5,0,-30.5,0,-30.5,0,-30.5,0,-30.5,0,-30.6,0,-30.6,0,-30.7,0,-30.8,0,-30.8,0,-30.8,0,-30.9,0,-30.9,0,-30.9,0,-31.1,0,-31.1,0,-31.0,0,-31.2,0,-31.0,0,-30.9,0,-31.0,0,-31.1,0,-31.1,0,-31.1,0,-31.1,0,-30.9,0,-30.9,0,-31.0,0,-30.9,0,-31.0,0,-31.0,0,-30.9,0,-30.9,0,-31.0,0,-30.9,0,-30.8,0,-31.0,0,-31.0,0,-31.0,0,-31.1,0,-31.0,0,-31.0,0,-31.1,0,-31.2,0,-31.1,0,-31.2,0,-31.1,0,-30.9,0,-17.3,1,-17.3,1,-31.0,0,-31.1,0,-31.1,0,-31.0,0,-31.1,0,-31.0,0,-30.8,0,-30.8,0,-30.9,0,-30.8,0,-30.8,0,-30.3,0,-30.7,0,-30.6,0,-30.7,0,-30.8,0,-30.8,0,-30.9,0,-30.8,0,-30.9,0,-31.0,0,-31.2,0,-31.2,0,-31.4,0,-31.5,0,-31.5,0,-31.6,0,-31.7,0,-31.7,0,-31.7,0,-31.8,0,-31.8,0,-31.7,0,-31.8,0,-31.8,0,-31.8,0,-31.9,0,-32.1,0,-32.0,0,-32.0,0,-32.1,0,-32.0,0,-32.0,0,-32.0,0,-32.1,0
aging,0,preamp,18.0,0.0,-8.05,10.04,-30.7,0,-30.7,0,-30.7,0,-30.7,0,-30.7,0,-30.8,0,-30.8,0,-30.9,0,-31.0,0,-31.0,0,-31.0,0,-31.1,0,-31.1,0,-31.1,0,-31.3,0,-31.3,0,-31.2,0,-31.3,0,-31.2,0,-31.1,0,-31.3,0,-31.3,0,-31.3,0,-31.3,0,-31.4,0,-31.1,0,-31.2,0,-31.2,0,-31.1,0,-31.2,0,-31.2,0,-31.1,0,-31.1,0,-31.2,0,-31.1,0,-31.0,0,-31.2,0,-31.2,0,-31.2,0,-31.3,0,-31.2,0,-31.2,0,-31.3,0,-31.4,0,-31.3,0,-31.4,0,-31.3,0,-31.3,0,-31.3,0,-31.4,0,-31.3,0,-31.3,0,-31.3,0,-31.2,0,-31.3,0,-31.2,0,-31.1,0,-31.1,0,-31.1,0,-31.1,0,-31.1,0,-30.5,0,-30.8,0,-16.9,1,-16.8,1,-30.8,0,-31.1,0,-31.1,0,-31.1,0,-31.1,0,-31.3,0,-31.4,0,-31.5,0,-31.6,0,-31.7,0,-31.8,0,-31.9,0,-31.9,0,-32.0,0,-31.9,0,-32.0,0,-32.0,0,-32.0,0,-32.1,0,-32.1,0,-32.1,0,-32.2,0,-32.3,0,-32.3,0,-32.3,0,-32.4,0,-32.3,0,-32.3,0,-32.3,0,-32.3,0
aging,0,preamp,18.0,0.0,-7.95,10.13,-30.6,0,-30.5,0,-30.6,0,-30.6,0,-30.6,0,-30.7,0,-30.7,0,-30.8,0,-30.9,0,-30.8,0,-30.9,0,-31.0,0,-30.9,0,-31.0,0,-31.1,0,-31.1,0,-31.1,0,-31.2,0,-31.0,0,-31.0,0,-31.1,0,-31.2,0,-31.1,0,-31.1,0,-31.1,0,-30.9,0,-31.0,0,-31.1,0,-30.9,0,-31.0,0,-31.0,0,-30.9,0,-30.9,0,-31.0,0,-30.9,0,-30.9,0,-31.0,0,-31.0,0,-31.0,0,-31.1,0,-31.0,0,-31.0,0,-31.1,0,-31.1,0,-31.1,0,-31.1,0,-31.1,0,-31.1,0,-31.1,0,-31.2,0,-31.1,0,-31.1,0,-31.1,0,-31.0,0,-31.1,0,-31.0,0,-30.8,0,-30.8,0,-30.9,0,-30.8,0,-30.8,0,-30.6,0,-30.7,0,-30.7,0,-30.8,0,-30.8,0,-30.9,0,-30.9,0,-30.9,0,-30.9,0,-31.0,0,-31.2,0,-31.2,0,-31.4,0,-31.5,0,-31.6,0,-31.6,0,-31.6,0,-17.1,1,-17.0,1,-31.6,0,-31.8,0,-31.7,0,-31.8,0,-31.8,0,-31.8,0,-32.0,0,-32.0,0,-32.0,0,-32.0,0,-32.1,0,-32.0,0,-32.0,0,-32.0,0,-32.1,0
aging,0,preamp,18.0,0.0,-8.06,10.03,-31.1,0,-31.1,0,-31.2,0,-31.2,0,-31.2,0,-31.3,0,-31.3,0,-31.4,0,-31.5,0,-31.4,0,-31.5,0,-31.5,0,-31.5,0,-31.6,0,-31.7,0,-31.7,0,-31.7,0,-31.8,0,-31.6,0,-31.5,0,-31.7,0,-31.7,0,-31.7,0,-31.7,0,-31.7,0,-31.5,0,-31.5,0,-31.6,0,-31.5,0,-31.6,0,-31.6,0,-31.5,0,-31.5,0,-31.6,0,-31.4,0,-31.4,0,-31.5,0,-31.6,0,-31.6,0,-31.7,0,-31.6,0,-31.5,0,-31.7,0,-31.7,0,-31.7,0,-31.7,0,-31.7,0,-31.6,0,-31.7,0,-31.7,0,-31.7,0,-31.6,0,-31.7,0,-31.5,0,-31.6,0,-31.6,0,-31.4,0,-31.4,0,-31.4,0,-31.4,0,-31.4,0,-30.9,0,-31.3,0,-31.3,0,-31.4,0,-31.4,0,-31.4,0,-31.5,0,-31.4,0,-31.5,0,-31.7,0,-31.8,0,-31.8,0,-32.0,0,-32.1,0,-32.1,0,-32.2,0,-32.3,0,-32.3,0,-32.2,0,-32.3,0,-32.3,0,-32.3,0,-32.3,0,-32.4,0,-32.4,0,-32.5,0,-32.6,0,-32.6,0,-32.6,0,-32.7,0,-32.6,0,-32.6,0,-17.5,1,-17.5,1
aging,0,preamp,18.0,0.0,-8.75,9.34,-29.7,0,-29.7,0,-29.6,0,-21.0,1,-21.1,1,-29.7,0,-29.8,0,-29.9,0,-30.0,0,-30.0,0,-30.0,0,-30.0,0,-30.0,0,-30.1,0,-30.2,0,-30.2,0,-30.2,0,-30.2,0,-30.1,0,-30.1,0,-30.2,0,-30.2,0,-30.2,0,-30.2,0,-30.2,0,-30.0,0,-30.1,0,-30.1,0,-30.0,0,-30.1,0,-30.1,0,-30.0,0,-30.0,0,-30.1,0,-30.0,0,-30.0,0,-30.1,0,-30.1,0,-30.1,0,-30.1,0,-30.1,0,-30.1,0,-30.1,0,-30.2,0,-30.2,0,-30.2,0,-30.2,0,-30.1,0,-30.2,0,-30.2,0,-30.1,0,-30.1,0,-30.1,0,-30.1,0,-30.1,0,-30.1,0,-30.0,0,-29.9,0,-30.0,0,-29.9,0,-30.0,0,-29.8,0,-29.9,0,-29.8,0,-29.9,0,-29.9,0,-30.0,0,-30.0,0,-30.0,0,-30.0,0,-30.1,0,-30.2,0,-30.3,0,-30.4,0,-30.5,0,-30.5,0,-30.6,0,-30.6,0,-30.7,0,-30.6,0,-30.7,0,-30.7,0,-30.7,0,-30.7,0,-30.7,0,-30.7,0,-30.8,0,-30.9,0,-30.9,0,-30.9,0,-30.9,0,-30.8,0,-30.8,0,-30.9,0,-30.9,0
aging,0,preamp,18.0,0.0,-8.75,9.35,-29.7,0,-29.7,0,-29.8,0,-29.8,0,-29.8,0,-29.8,0,-29.8,0,-29.9,0,-30.0,0,-29.9,0,-30.0,0,-30.0,0,-30.1,0,-30.1,0,-30.2,0,-30.2,0,-30.2,0,-30.1,0,-21.0,1,-21.0,1,-30.1,0,-30.2,0,-30.2,0,-30.2,0,-30.2,0,-30.0,0,-30.1,0,-30.1,0,-30.1,0,-30.1,0,-30.1,0,-30.0,0,-30.0,0,-30.1,0,-30.0,0,-30.0,0,-30.1,0,-30.1,0,-30.1,0,-30.1,0,-30.1,0,-30.1,0,-30.2,0,-30.2,0,-30.2,0,-30.2,0,-30.2,0,-30.2,0,-30.2,0,-30.2,0,-30.1,0,-30.1,0,-30.1,0,-30.1,0,-30.1,0,-30.1,0,-30.0,0,-30.0,0,-30.0,0,-30.0,0,-30.0,0,-29.8,0,-29.9,0,-29.9,0,-29.9,0,-29.9,0,-30.0,0,-30.0,0,-30.0,0,-30.0,0,-30.1,0,-30.2,0,-30.3,0,-30.4,0,-30.5,0,-30.5,0,-30.6,0,-30.6,0,-30.7,0,-30.6,0,-30.7,0,-30.7,0,-30.7,0,-30.7,0,-30.7,0,-30.7,0,-30.8,0,-30.9,0,-30.9,0,-30.9,0,-30.9,0,-30.9,0,-30.9,0,-30.9,0,-30.9,0
aging,0,preamp,18.0,0.0,-8.7,9.4,-29.8,0,-29.7,0,-29.8,0,-29.8,0,-29.8,0,-29.8,0,-29.8,0,-29.9,0,-30.0,0,-30.0,0,-30.0,0,-30.0,0,-30.1,0,-30.1,0,-30.2,0,-30.2,0,-30.2,0,-30.2,0,-30.1,0,-30.1,0,-30.2,0,-30.2,0,-30.2,0,-30.2,0,-30.2,0,-30.1,0,-30.1,0,-30.1,0,-30.1,0,-30.1,0,-30.1,0,-30.1,0,-29.9,0,-20.6,1,-20.6,1,-29.9,0,-30.1,0,-30.1,0,-30.1,0,-30.2,0,-30.1,0,-30.1,0,-30.2,0,-30.2,0,-30.2,0,-30.2,0,-30.2,0,-30.2,0,-30.2,0,-30.2,0,-30.2,0,-30.1,0,-30.1,0,-30.1,0,-30.1,0,-30.1,0,-30.0,0,-30.0,0,-30.0,0,-30.0,0,-30.0,0,-29.8,0,-29.9,0,-29.8,0,-29.9,0,-30.0,0,-30.0,0,-30.0,0,-30.0,0,-30.0,0,-30.1,0,-30.2,0,-30.3,0,-30.4,0,-30.5,0,-30.5,0,-30.6,0,-30.6,0,-30.7,0,-30.7,0,-30.7,0,-30.7,0,-30.7,0,-30.7,0,-30.7,0,-30.8,0,-30.8,0,-30.9,0,-30.9,0,-30.9,0,-30.9,0,-30.9,0,-30.9,0,-30.9,0,-30.9,0
aging,0,preamp,18.0,0.0,-8.73,9.38,-29.7,0,-29.7,0,-29.7,0,-29.8,0,-29.8,0,-29.8,0,-29.8,0,-29.9,0,-30.0,0,-29.9,0,-30.0,0,-30.0,0,-30.0,0,-30.0,0,-30.2,0,-30.2,0,-30.2,0,-30.2,0,-30.1,0,-30.1,0,-30.2,0,-30.2,0,-30.2,0,-30.2,0,-30.2,0,-30.0,0,-30.1,0,-30.1,0,-30.0,0,-30.1,0,-30.1,0,-30.0,0,-30.0,0,-30.1,0,-30.0,0,-30.0,0,-30.1,0,-30.1,0,-30.1,0,-30.1,0,-30.1,0,-30.1,0,-30.2,0,-30.2,0,-30.2,0,-30.2,0,-30.2,0,-30.0,0,-21.0,1,-21.0,1,-30.1,0,-30.1,0,-30.1,0,-30.1,0,-30.1,0,-30.1,0,-30.0,0,-30.0,0,-30.0,0,-29.9,0,-30.0,0,-29.2,0,-29.9,0,-29.8,0,-29.9,0,-29.9,0,-30.0,0,-30.0,0,-30.0,0,-30.0,0,-30.1,0,-30.2,0,-30.3,0,-30.4,0,-30.5,0,-30.5,0,-30.6,0,-30.6,0,-30.7,0,-30.6,0,-30.7,0,-30.7,0,-30.7,0,-30.7,0,-30.7,0,-30.7,0,-30.8,0,-30.9,0,-30.9,0,-30.9,0,-30.9,0,-30.9,0,-30.8,0,-30.9,0,-30.9,0
aging,0,preamp,18.0,0.0,-8.71,9.38,-29.8,0,-29.8,0,-29.8,0,-29.8,0,-29.8,0,-29.8,0,-29.8,0,-29.9,0,-30.0,0,-30.0,0,-30.0,0,-30.1,0,-30.1,0,-30.1,0,-30.2,0,-30.2,0,-30.2,0,-30.3,0,-30.1,0,-30.1,0,-30.2,0,-30.2,0,-30.2,0,-30.2,0,-30.2,0,-30.1,0,-30.1,0,-30.1,0,-30.1,0,-30.1,0,-30.1,0,-30.1,0,-30.0,0,-30.1,0,-30.0,0,-30.0,0,-30.1,0,-30.1,0,-30.1,0,-30.2,0,-30.1,0,-30.1,0,-30.2,0,-30.2,0,-30.2,0,-30.2,0,-30.2,0,-30.2,0,-30.2,0,-30.2,0,-30.2,0,-30.1,0,-30.2,0,-30.1,0,-30.2,0,-30.1,0,-30.0,0,-30.0,0,-30.0,0,-30.0,0,-30.0,0,-29.2,0,-29.8,0,-20.5,1,-20.6,1,-29.8,0,-30.0,0,-30.0,0,-30.0,0,-30.0,0,-30.1,0,-30.2,0,-30.3,0,-30.4,0,-30.5,0,-30.5,0,-30.6,0,-30.7,0,-30.7,0,-30.7,0,-30.7,0,-30.7,0,-30.7,0,-30.8,0,-30.8,0,-30.8,0,-30.9,0,-30.9,0,-30.9,0,-30.9,0,-30.9,0,-30.9,0,-30.9,0,-30.9,0,-30.9,0
aging,0,preamp,18.0,0.0,-8.66,9.44,-29.7,0,-29.7,0,-29.7,0,-29.8,0,-29.8,0,-29.8,0,-29.8,0,-29.9,0,-29.9,0,-29.9,0,-30.0,0,-30.0,0,-30.0,0,-30.0,0,-30.2,0,-30.1,0,-30.2,0,-30.2,0,-30.1,0,-30.1,0,-30.1,0,-30.2,0,-30.2,0,-30.2,0,-30.2,0,-30.0,0,-30.0,0,-30.1,0,-30.0,0,-30.0,0,-30.0,0,-30.0,0,-30.0,0,-30.1,0,-30.0,0,-29.9,0,-30.0,0,-30.1,0,-30.0,0,-30.1,0,-30.1,0,-30.1,0,-30.1,0,-30.2,0,-30.2,0,-30.2,0,-30.1,0,-30.1,0,-30.2,0,-30.2,0,-30.1,0,-30.1,0,-30.1,0,-30.0,0,-30.1,0,-30.1,0,-30.0,0,-29.9,0,-29.9,0,-29.9,0,-29.9,0,-29.7,0,-29.9,0,-29.8,0,-29.9,0,-29.9,0,-29.9,0,-30.0,0,-29.9,0,-30.0,0,-30.1,0,-30.2,0,-30.2,0,-30.4,0,-30.5,0,-30.5,0,-30.5,0,-30.5,0,-20.8,1,-20.8,1,-30.5,0,-30.6,0,-30.6,0,-30.7,0,-30.7,0,-30.7,0,-30.8,0,-30.8,0,-30.8,0,-30.8,0,-30.8,0,-30.8,0,-30.8,0,-30.8,0,-30.9,0
aging,0,preamp,18.0,0.0,-8.7,9.4,-29.9,0,-29.9,0,-29.9,0,-29.9,0,-30.0,0,-30.0,0,-30.0,0,-30.1,0,-30.2,0,-30.2,0,-30.2,0,-30.3,0,-30.3,0,-30.3,0,-30.5,0,-30.4,0,-30.4,0,-30.5,0,-30.4,0,-30.3,0,-30.4,0,-30.5,0,-30.5,0,-30.5,0,-30.5,0,-30.3,0,-30.3,0,-30.4,0,-30.3,0,-30.3,0,-30.3,0,-30.3,0,-30.2,0,-30.4,0,-30.2,0,-30.2,0,-30.3,0,-30.3,0,-30.3,0,-30.4,0,-30.4,0,-30.3,0,-30.5,0,-30.5,0,-30.5,0,-30.5,0,-30.4,0,-30.4,0,-30.5,0,-30.5,0,-30.4,0,-30.4,0,-30.4,0,-30.3,0,-30.4,0,-30.3,0,-30.2,0,-30.2,0,-30.2,0,-30.2,0,-30.2,0,-29.7,0,-30.1,0,-30.0,0,-30.1,0,-30.2,0,-30.2,0,-30.2,0,-30.2,0,-30.2,0,-30.4,0,-30.5,0,-30.6,0,-30.7,0,-30.8,0,-30.9,0,-30.9,0,-31.1,0,-31.1,0,-31.0,0,-31.1,0,-31.1,0,-31.1,0,-31.1,0,-31.1,0,-31.2,0,-31.3,0,-31.4,0,-31.4,0,-31.3,0,-31.4,0,-31.4,0,-31.3,0,-21.2,1,-21.2,1
aging,1,preamp,18.0,0.0,4.05,22.04,-18.8,1,-16.8,1,-16.1,1,-16.0,1,-16.0,1,-16.0,1,-16.0,1,-16.0,1,-16.1,1,-16.1,1,-16.0,1,-16.0,1,-16.0,1,-16.0,1,-16.1,1,-16.1,1,-16.0,1,-16.0,1,-16.0,1,-16.0,1,-16.1,1,-16.0,1,-16.1,1,-16.1,1,-16.0,1,-16.1,1,-16.1,1,-16.0,1,-16.0,1,-16.0,1,-16.0,1,-16.0,1,-16.0,1,-16.0,1,-16.0,1,-16.1,1,-16.0,1,-16.1,1,-16.0,1,-16.1,1,-16.0,1,-16.1,1,-16.0,1,-16.1,1,-16.0,1,-16.0,1,-16.0,1,-16.0,1,-16.1,1,-16.1,1,-16.1,1,-16.0,1,-16.0,1,-16.0,1,-16.1,1,-16.1,1,-16.0,1,-16.1,1,-16.0,1,-16.0,1,-16.1,1,-15.9,1,-16.1,1,-16.0,1,-16.1,1,-16.1,1,-16.0,1,-16.0,1,-16.1,1,-15.9,1,-15.9,1,-16.0,1,-16.1,1,-16.1,1,-16.0,1,-16.0,1,-16.0,1,-16.1,1,-16.0,1,-16.0,1,-16.1,1,-16.0,1,-16.1,1,-16.1,1,-16.1,1,-16.1,1,-16.0,1,-16.0,1,-16.1,1,-16.1,1,-16.1,1,-16.0,1,-16.0,1,-16.0,1,-16.0,1
aging,1,preamp,18.0,0.0,3.05,21.06,-18.9,1,-17.2,1,-17.0,1,-17.0,1,-17.1,1,-17.1,1,-17.1,1,-17.0,1,-17.0,1,-17.0,1,-17.0,1,-17.1,1,-17.0,1,-17.0,1,-17.1,1,-17.1,1,-17.0,1,-17.0,1,-17.0,1,-17.1,1,-17.0,1,-17.0,1,-17.0,1,-17.1,1,-17.0,1,-17.0,1,-17.1,1,-17.1,1,-17.1,1,-17.0,1,-16.9,1,-17.1,1,-17.0,1,-17.0,1,-16.9,1,-17.1,1,-17.0,1,-17.1,1,-17.1,1,-17.1,1,-17.0,1,-17.0,1,-17.0,1,-17.0,1,-16.9,1,-17.1,1,-17.0,1,-17.1,1,-17.1,1,-17.0,1,-17.1,1,-17.0,1,-17.0,1,-17.1,1,-17.1,1,-17.1,1,-17.0,1,-17.0,1,-17.0,1,-17.0,1,-17.0,1,-17.0,1,-17.1,1,-17.0,1,-17.1,1,-17.1,1,-17.0,1,-17.0,1,-17.0,1,-17.0,1,-17.1,1,-17.0,1,-17.1,1,-17.0,1,-17.0,1,-17.1,1,-17.1,1,-17.1,1,-17.1,1,-17.1,1,-17.0,1,-17.0,1,-17.1,1,-17.0,1,-17.0,1,-17.2,1,-17.1,1,-17.0,1,-17.1,1,-17.2,1,-17.1,1,-17.0,1,-17.1,1,-17.2,1,-17.0,1
aging,1,preamp,18.0,0.0,2.15,20.15,-18.9,1,-18.1,1,-17.9,1,-17.9,1,-17.9,1,-18.0,1,-17.9,1,-18.0,1,-18.0,1,-18.0,1,-18.0,1,-17.9,1,-17.9,1,-17.9,1,-18.0,1,-18.0,1,-18.0,1,-17.9,1,-18.0,1,-18.0,1,-18.0,1,-18.0,1,-18.0,1,-18.0,1,-17.9,1,-18.0,1,-17.9,1,-17.9,1,-18.0,1,-17.9,1,-17.9,1,-17.9,1,-17.9,1,-17.9,1,-17.9,1,-18.0,1,-18.0,1,-18.1,1,-17.9,1,-17.9,1,-18.0,1,-18.0,1,-17.9,1,-18.0,1,-18.0,1,-18.0,1,-17.9,1,-17.8,1,-18.0,1,-18.0,1,-18.1,1,-18.0,1,-18.0,1,-17.9,1,-18.0,1,-18.0,1,-18.0,1,-18.0,1,-18.0,1,-17.9,1,-18.0,1,-17.9,1,-17.9,1,-18.0,1,-18.0,1,-17.9,1,-17.9,1,-17.9,1,-18.0,1,-18.0,1,-17.9,1,-18.0,1,-18.0,1,-18.0,1,-18.0,1,-18.0,1,-17.8,1,-17.9,1,-17.9,1,-18.0,1,-18.0,1,-17.9,1,-17.9,1,-18.0,1,-18.0,1,-18.0,1,-18.0,1,-18.1,1,-18.0,1,-18.0,1,-18.0,1,-18.1,1,-18.1,1,-18.0,1,-17.9,1
aging,1,preamp,18.0,0.0,1.23,19.24,-19.6,1,-19.1,1,-18.9,1,-18.9,1,-18.9,1,-18.9,1,-18.9,1,-18.8,1,-18.8,1,-18.8,1,-18.9,1,-18.9,1,-18.8,1,-18.9,1,-18.9,1,-18.8,1,-18.8,1,-18.9,1,-18.9,1,-18.9,1,-18.9,1,-18.9,1,-18.9,1,-18.9,1,-18.8,1,-18.8,1,-19.0,1,-18.9,1,-18.9,1,-18.8,1,-18.8,1,-18.9,1,-18.8,1,-18.9,1,-18.9,1,-18.9,1,-18.9,1,-18.9,1,-18.9,1,-18.9,1,-18.8,1,-18.9,1,-18.9,1,-18.9,1,-18.8,1,-19.0,1,-18.9,1,-18.8,1,-18.9,1,-18.9,1,-19.0,1,-18.9,1,-18.9,1,-18.9,1,-18.9,1,-18.8,1,-18.8,1,-18.9,1,-18.8,1,-18.9,1,-18.9,1,-18.8,1,-18.8,1,-18.9,1,-18.9,1,-19.0,1,-18.8,1,-18.8,1,-19.0,1,-18.9,1,-18.9,1,-18.9,1,-19.0,1,-18.9,1,-18.8,1,-18.9,1,-18.9,1,-18.9,1,-18.9,1,-18.8,1,-19.0,1,-18.9,1,-18.9,1,-18.9,1,-18.9,1,-18.9,1,-19.0,1,-19.0,1,-19.0,1,-18.9,1,-18.9,1,-19.0,1,-19.0,1,-19.0,1,-18.8,1
aging,1,preamp,18.0,0.0,0.42,18.43,-20.5,1,-20.0,1,-19.7,1,-19.6,1,-19.7,1,-19.7,1,-19.7,1,-19.7,1,-19.7,1,-19.6,1,-19.7,1,-19.7,1,-19.7,1,-19.7,1,-19.7,1,-19.7,1,-19.7,1,-19.7,1,-19.7,1,-19.7,1,-19.8,1,-19.7,1,-19.7,1,-19.7,1,-19.7,1,-19.7,1,-19.7,1,-19.7,1,-19.7,1,-19.7,1,-19.7,1,-19.7,1,-19.7,1,-19.6,1,-19.7,1,-19.8,1,-19.7,1,-19.8,1,-19.7,1,-19.7,1,-19.7,1,-19.7,1,-19.7,1,-19.7,1,-19.6,1,-19.7,1,-19.7,1,-19.7,1,-19.7,1,-19.7,1,-19.8,1,-19.6,1,-19.8,1,-19.7,1,-19.7,1,-19.8,1,-19.6,1,-19.7,1,-19.6,1,-19.7,1,-19.7,1,-19.7,1,-19.7,1,-19.7,1,-19.8,1,-19.7,1,-19.7,1,-19.7,1,-19.7,1,-19.7,1,-19.8,1,-19.6,1,-19.7,1,-19.7,1,-19.6,1,-19.8,1,-19.7,1,-19.8,1,-19.8,1,-19.8,1,-19.8,1,-19.8,1,-19.8,1,-19.7,1,-19.8,1,-19.8,1,-19.7,1,-19.9,1,-19.8,1,-19.8,1,-19.8,1,-19.8,1,-19.9,1,-19.8,1,-19.7,1
aging,1,preamp,18.0,0.0,1.2,19.21,-18.9,1,-30.4,0,-16.1,1,-30.5,0,-16.2,1,-30.4,0,-16.1,1,-30.7,0,-16.1,1,-30.7,0,-16.1,1,-30.9,0,-16.1,1,-30.9,0,-16.2,1,-30.9,0,-16.2,1,-31.1,0,-16.1,1,-31.0,0,-16.2,1,-31.2,0,-16.2,1,-31.1,0,-16.2,1,-31.1,0,-16.2,1,-31.0,0,-16.2,1,-31.0,0,-16.1,1,-31.1,0,-16.1,1,-31.1,0,-16.2,1,-31.2,0,-16.2,1,-31.2,0,-16.1,1,-31.2,0,-16.1,1,-31.3,0,-16.1,1,-31.4,0,-16.1,1,-31.4,0,-16.1,1,-31.5,0,-16.1,1,-31.5,0,-16.2,1,-31.5,0,-16.1,1,-31.5,0,-16.2,1,-31.4,0,-16.1,1,-31.3,0,-16.2,1,-31.2,0,-16.1,1,-30.3,0,-16.1,1,-31.1,0,-16.2,1,-31.2,0,-16.2,1,-31.3,0,-16.1,1,-31.3,0,-16.2,1,-31.6,0,-16.1,1,-31.6,0,-16.1,1,-31.8,0,-16.0,1,-32.0,0,-16.1,1,-32.1,0,-16.2,1,-32.1,0,-16.2,1,-32.2,0,-16.1,1,-32.3,0,-16.2,1,-32.5,0,-16.2,1,-32.3,0,-16.1,1,-32.4,0,-16.2,1,-32.3,0,-16.1,1
aging,1,preamp,18.0,0.0,-2.13,15.87,-20.5,1,-29.2,0,-19.8,1,-29.4,0,-19.8,1,-29.3,0,-19.8,1,-29.6,0,-19.7,1,-29.6,0,-19.8,1,-29.7,0,-19.8,1,-29.7,0,-19.8,1,-29.8,0,-19.8,1,-30.0,0,-19.8,1,-29.8,0,-19.9,1,-30.0,0,-19.9,1,-30.0,0,-19.9,1,-29.9,0,-19.8,1,-29.9,0,-19.8,1,-29.9,0,-19.7,1,-29.9,0,-19.8,1,-29.8,0,-19.7,1,-29.9,0,-19.8,1,-30.0,0,-19.9,1,-30.0,0,-19.8,1,-30.1,0,-19.8,1,-30.2,0,-19.8,1,-30.2,0,-19.8,1,-30.3,0,-19.8,1,-30.3,0,-19.9,1,-30.3,0,-19.9,1,-30.3,0,-19.8,1,-30.1,0,-19.7,1,-30.0,0,-19.7,1,-29.9,0,-19.8,1,-28.9,0,-19.7,1,-29.9,0,-19.9,1,-29.9,0,-19.7,1,-30.0,0,-19.8,1,-30.1,0,-19.9,1,-30.3,0,-19.8,1,-30.3,0,-19.8,1,-30.5,0,-19.8,1,-30.7,0,-19.8,1,-30.8,0,-19.9,1,-30.8,0,-19.9,1,-30.8,0,-19.8,1,-31.0,0,-19.9,1,-31.1,0,-19.8,1,-31.0,0,-19.9,1,-31.0,0,-20.0,1,-31.0,0,-19.8,1
aging,1,preamp,18.0,0.0,0.97,18.99,-30.6,0,-16.9,1,-30.4,0,-16.4,1,-30.5,0,-16.4,1,-30.5,0,-16.4,1,-30.8,0,-16.3,1,-30.7,0,-16.3,1,-30.9,0,-16.3,1,-30.9,0,-16.4,1,-31.0,0,-16.3,1,-31.0,0,-16.3,1,-31.0,0,-16.4,1,-31.2,0,-16.4,1,-31.0,0,-16.3,1,-31.1,0,-16.3,1,-31.1,0,-16.3,1,-31.0,0,-16.3,1,-31.0,0,-16.3,1,-31.1,0,-16.4,1,-31.2,0,-16.3,1,-31.2,0,-16.4,1,-31.3,0,-16.3,1,-31.4,0,-16.3,1,-31.4,0,-16.4,1,-31.5,0,-16.2,1,-31.5,0,-16.3,1,-31.5,0,-16.3,1,-31.5,0,-16.3,1,-31.4,0,-16.3,1,-31.4,0,-16.4,1,-31.2,0,-16.3,1,-31.2,0,-16.4,1,-31.3,0,-16.3,1,-31.1,0,-16.3,1,-31.3,0,-16.3,1,-31.3,0,-16.4,1,-31.4,0,-16.3,1,-31.6,0,-16.4,1,-31.7,0,-16.3,1,-31.8,0,-16.2,1,-32.0,0,-16.4,1,-32.1,0,-16.4,1,-32.1,0,-16.3,1,-32.2,0,-16.3,1,-32.4,0,-16.4,1,-32.3,0,-16.3,1,-32.3,0,-16.4,1,-32.3,0,-16.3,1,-32.2,0
aging,1,preamp,18.0,0.0,-2.2,15.81,-29.6,0,-20.0,1,-29.3,0,-19.8,1,-29.4,0,-19.8,1,-29.5,0,-19.8,1,-29.7,0,-19.8,1,-29.7,0,-19.8,1,-29.8,0,-19.9,1,-29.8,0,-19.8,1,-29.9,0,-19.9,1,-29.9,0,-19.8,1,-29.9,0,-19.8,1,-30.1,0,-19.9,1,-29.9,0,-19.8,1,-29.9,0,-19.9,1,-29.9,0,-19.7,1,-29.9,0,-19.8,1,-29.9,0,-19.7,1,-29.9,0,-19.8,1,-30.0,0,-19.8,1,-30.0,0,-19.9,1,-30.2,0,-19.8,1,-30.2,0,-19.7,1,-30.3,0,-19.8,1,-30.4,0,-19.8,1,-30.3,0,-19.7,1,-30.3,0,-19.8,1,-30.3,0,-19.9,1,-30.2,0,-19.8,1,-30.2,0,-19.8,1,-30.0,0,-19.8,1,-30.0,0,-19.7,1,-29.9,0,-19.8,1,-29.9,0,-19.9,1,-30.0,0,-19.7,1,-30.1,0,-19.8,1,-30.2,0,-19.8,1,-30.5,0,-19.8,1,-30.4,0,-19.9,1,-30.5,0,-19.8,1,-30.7,0,-19.9,1,-30.8,0,-19.8,1,-30.9,0,-19.9,1,-30.9,0,-19.9,1,-31.1,0,-20.0,1,-31.1,0,-19.8,1,-31.0,0,-19.9,1,-31.0,0,-20.0,1,-31.0,0
aging,1,preamp,18.0,0.0,1.13,19.13,-19.0,1,-16.9,1,-16.1,1,-16.1,1,-16.1,1,-16.2,1,-16.2,1,-16.2,1,-16.1,1,-16.1,1,-16.1,1,-16.2,1,-16.1,1,-16.2,1,-16.1,1,-16.2,1,-16.2,1,-16.2,1,-16.2,1,-16.1,1,-16.2,1,-16.1,1,-16.2,1,-16.2,1,-16.2,1,-16.1,1,-16.1,1,-16.2,1,-16.2,1,-16.2,1,-16.1,1,-16.2,1,-16.2,1,-16.2,1,-16.2,1,-16.2,1,-16.2,1,-16.2,1,-16.2,1,-16.2,1,-16.2,1,-16.2,1,-16.1,1,-16.1,1,-16.2,1,-16.1,1,-16.2,1,-16.2,1,-31.1,0,-31.3,0,-31.3,0,-31.3,0,-31.3,0,-31.3,0,-31.2,0,-31.2,0,-31.2,0,-31.1,0,-31.1,0,-31.0,0,-31.1,0,-30.4,0,-31.0,0,-31.0,0,-31.0,0,-31.0,0,-31.0,0,-31.0,0,-31.1,0,-31.1,0,-31.2,0,-31.3,0,-31.4,0,-31.4,0,-31.4,0,-31.5,0,-31.5,0,-31.7,0,-31.7,0,-31.8,0,-31.8,0,-31.8,0,-31.8,0,-31.8,0,-31.8,0,-31.9,0,-32.0,0,-32.1,0,-32.0,0,-32.0,0,-32.0,0,-32.0,0,-32.0,0,-32.1,0,-32.0,0
aging,1,preamp,18.0,0.0,-2.36,15.65,-20.8,1,-20.3,1,-20.0,1,-20.0,1,-19.9,1,-19.9,1,-20.0,1,-20.1,1,-20.0,1,-19.9,1,-20.0,1,-20.0,1,-20.0,1,-20.0,1,-20.0,1,-20.0,1,-19.9,1,-20.0,1,-20.1,1,-20.1,1,-20.0,1,-20.1,1,-20.0,1,-20.0,1,-20.0,1,-20.0,1,-20.0,1,-20.1,1,-20.0,1,-20.0,1,-19.9,1,-20.0,1,-19.9,1,-19.9,1,-19.9,1,-20.0,1,-20.0,1,-20.0,1,-20.0,1,-20.0,1,-20.0,1,-20.0,1,-20.0,1,-19.9,1,-20.0,1,-20.1,1,-20.0,1,-20.0,1,-29.8,0,-30.0,0,-30.0,0,-30.0,0,-30.0,0,-30.0,0,-30.0,0,-29.9,0,-29.9,0,-29.9,0,-29.9,0,-29.8,0,-29.8,0,-29.6,0,-29.8,0,-29.8,0,-29.7,0,-29.7,0,-29.8,0,-29.8,0,-29.8,0,-29.9,0,-29.9,0,-30.0,0,-30.1,0,-30.0,0,-30.1,0,-30.1,0,-30.1,0,-30.3,0,-30.3,0,-30.4,0,-30.4,0,-30.4,0,-30.4,0,-30.5,0,-30.5,0,-30.5,0,-30.6,0,-30.8,0,-30.6,0,-30.6,0,-30.6,0,-30.6,0,-30.6,0,-30.6,0,-30.6,0
aging,1,preamp,18.0,0.0,1.36,19.37,-30.5,0,-30.5,0,-30.6,0,-30.6,0,-30.6,0,-30.6,0,-30.7,0,-30.8,0,-30.9,0,-30.9,0,-30.9,0,-30.9,0,-30.9,0,-31.0,0,-31.0,0,-31.0,0,-31.1,0,-31.2,0,-31.0,0,-31.0,0,-31.1,0,-31.2,0,-31.2,0,-31.1,0,-31.0,0,-31.0,0,-31.0,0,-31.0,0,-31.0,0,-31.0,0,-31.0,0,-31.0,0,-30.9,0,-31.0,0,-31.0,0,-31.1,0,-31.1,0,-31.1,0,-31.1,0,-31.2,0,-31.2,0,-31.3,0,-31.3,0,-31.4,0,-31.4,0,-31.3,0,-31.4,0,-31.4,0,-15.9,1,-15.9,1,-16.0,1,-16.0,1,-15.9,1,-15.9,1,-16.0,1,-16.0,1,-15.9,1,-15.9,1,-15.9,1,-15.9,1,-15.9,1,-15.9,1,-16.0,1,-15.9,1,-15.9,1,-16.0,1,-15.8,1,-15.9,1,-15.9,1,-15.9,1,-15.9,1,-15.9,1,-15.9,1,-16.0,1,-15.9,1,-15.9,1,-15.8,1,-16.0,1,-15.9,1,-16.0,1,-16.0,1,-15.9,1,-16.0,1,-16.0,1,-15.9,1,-16.0,1,-16.0,1,-16.0,1,-15.9,1,-15.9,1,-16.0,1,-16.1,1,-16.0,1,-16.0,1,-15.8,1
aging,1,preamp,18.0,0.0,-2.0,16.01,-29.5,0,-29.4,0,-29.5,0,-29.6,0,-29.5,0,-29.5,0,-29.6,0,-29.8,0,-29.8,0,-29.8,0,-29.8,0,-29.9,0,-29.9,0,-29.9,0,-29.9,0,-29.9,0,-30.0,0,-30.1,0,-29.9,0,-30.0,0,-30.0,0,-30.1,0,-30.1,0,-30.1,0,-30.0,0,-29.9,0,-29.9,0,-29.9,0,-29.9,0,-29.9,0,-29.9,0,-29.9,0,-29.9,0,-29.9,0,-29.9,0,-30.0,0,-30.0,0,-30.0,0,-30.0,0,-30.1,0,-30.1,0,-30.1,0,-30.2,0,-30.2,0,-30.2,0,-30.2,0,-30.3,0,-30.3,0,-19.6,1,-19.6,1,-19.7,1,-19.7,1,-19.6,1,-19.6,1,-19.7,1,-19.6,1,-19.7,1,-19.6,1,-19.5,1,-19.6,1,-19.6,1,-19.5,1,-19.5,1,-19.6,1,-19.5,1,-19.7,1,-19.5,1,-19.5,1,-19.6,1,-19.5,1,-19.6,1,-19.5,1,-19.6,1,-19.7,1,-19.6,1,-19.6,1,-19.5,1,-19.7,1,-19.5,1,-19.7,1,-19.7,1,-19.6,1,-19.7,1,-19.7,1,-19.6,1,-19.7,1,-19.8,1,-19.8,1,-19.6,1,-19.7,1,-19.6,1,-19.6,1,-19.7,1,-19.7,1,-19.7,1
aging,1,preamp,18.0,0.0,-8.23,9.85,-29.9,0,-29.8,0,-29.9,0,-29.8,0,-16.8,1,-29.5,0,-30.0,0,-30.2,0,-30.2,0,-30.2,0,-30.2,0,-30.3,0,-30.3,0,-30.3,0,-30.3,0,-30.3,0,-30.4,0,-30.5,0,-30.4,0,-30.4,0,-30.4,0,-30.5,0,-30.5,0,-30.5,0,-30.3,0,-30.3,0,-30.4,0,-30.3,0,-30.3,0,-30.3,0,-30.3,0,-30.3,0,-30.2,0,-30.3,0,-30.3,0,-30.4,0,-30.4,0,-30.4,0,-30.4,0,-30.4,0,-30.5,0,-30.6,0,-30.6,0,-30.6,0,-30.7,0,-30.6,0,-30.7,0,-30.7,0,-30.7,0,-30.6,0,-30.7,0,-30.6,0,-30.6,0,-30.7,0,-30.6,0,-30.6,0,-30.5,0,-30.5,0,-30.4,0,-30.3,0,-30.3,0,-29.4,0,-30.3,0,-30.3,0,-30.3,0,-30.3,0,-30.3,0,-30.3,0,-30.4,0,-30.5,0,-30.5,0,-30.6,0,-30.7,0,-30.7,0,-30.8,0,-30.8,0,-30.8,0,-31.0,0,-31.1,0,-31.1,0,-31.1,0,-31.1,0,-31.1,0,-31.1,0,-31.2,0,-31.2,0,-31.3,0,-31.4,0,-31.2,0,-31.3,0,-31.2,0,-31.2,0,-31.2,0,-31.3,0,-31.2,0
aging,1,preamp,18.0,0.0,-8.21,9.86,-29.9,0,-29.8,0,-29.9,0,-30.0,0,-30.0,0,-29.9,0,-30.0,0,-30.2,0,-30.2,0,-30.2,0,-30.3,0,-30.3,0,-30.3,0,-30.4,0,-30.4,0,-30.4,0,-30.5,0,-30.6,0,-30.2,0,-16.9,1,-30.2,0,-30.6,0,-30.5,0,-30.5,0,-30.4,0,-30.4,0,-30.4,0,-30.4,0,-30.4,0,-30.4,0,-30.4,0,-30.4,0,-30.3,0,-30.3,0,-30.3,0,-30.4,0,-30.5,0,-30.5,0,-30.5,0,-30.5,0,-30.6,0,-30.6,0,-30.6,0,-30.7,0,-30.7,0,-30.7,0,-30.7,0,-30.7,0,-30.7,0,-30.7,0,-30.7,0,-30.7,0,-30.7,0,-30.7,0,-30.7,0,-30.6,0,-30.6,0,-30.5,0,-30.5,0,-30.4,0,-30.4,0,-29.6,0,-30.4,0,-30.4,0,-30.4,0,-30.3,0,-30.4,0,-30.4,0,-30.4,0,-30.5,0,-30.6,0,-30.7,0,-30.8,0,-30.8,0,-30.8,0,-30.9,0,-30.9,0,-31.0,0,-31.1,0,-31.2,0,-31.2,0,-31.2,0,-31.2,0,-31.2,0,-31.2,0,-31.3,0,-31.4,0,-31.5,0,-31.3,0,-31.3,0,-31.3,0,-31.3,0,-31.3,0,-31.3,0,-31.3,0
aging,1,preamp,18.0,0.0,-8.1,9.97,-30.2,0,-30.2,0,-30.2,0,-30.3,0,-30.3,0,-30.3,0,-30.3,0,-30.5,0,-30.5,0,-30.6,0,-30.6,0,-30.6,0,-30.6,0,-30.7,0,-30.7,0,-30.7,0,-30.8,0,-30.9,0,-30.7,0,-30.7,0,-30.8,0,-30.9,0,-30.9,0,-30.8,0,-30.7,0,-30.7,0,-30.7,0,-30.7,0,-30.7,0,-30.7,0,-30.7,0,-30.7,0,-30.7,0,-30.5,0,-16.0,1,-30.6,0,-30.8,0,-30.8,0,-30.8,0,-30.8,0,-30.9,0,-30.9,0,-31.0,0,-31.0,0,-31.0,0,-31.0,0,-31.1,0,-31.1,0,-31.0,0,-31.0,0,-31.1,0,-31.0,0,-31.0,0,-31.0,0,-31.0,0,-31.0,0,-30.9,0,-30.9,0,-30.8,0,-30.7,0,-30.7,0,-30.6,0,-30.7,0,-30.7,0,-30.7,0,-30.6,0,-30.7,0,-30.7,0,-30.7,0,-30.9,0,-30.9,0,-31.0,0,-31.1,0,-31.1,0,-31.1,0,-31.2,0,-31.2,0,-31.4,0,-31.4,0,-31.5,0,-31.5,0,-31.5,0,-31.5,0,-31.5,0,-31.6,0,-31.6,0,-31.7,0,-31.7,0,-31.7,0,-31.7,0,-31.7,0,-31.6,0,-31.7,0,-31.7,0,-31.6,0
aging,1,preamp,18.0,0.0,-8.19,9.88,-29.9,0,-29.8,0,-29.9,0,-30.0,0,-30.0,0,-29.9,0,-30.0,0,-30.2,0,-30.2,0,-30.2,0,-30.2,0,-30.3,0,-30.3,0,-30.3,0,-30.3,0,-30.3,0,-30.4,0,-30.5,0,-30.4,0,-30.4,0,-30.4,0,-30.5,0,-30.5,0,-30.5,0,-30.4,0,-30.3,0,-30.4,0,-30.4,0,-30.3,0,-30.3,0,-30.3,0,-30.3,0,-30.3,0,-30.3,0,-30.3,0,-30.4,0,-30.4,0,-30.5,0,-30.4,0,-30.5,0,-30.5,0,-30.6,0,-30.6,0,-30.7,0,-30.7,0,-30.6,0,-30.7,0,-30.7,0,-30.6,0,-16.9,1,-30.4,0,-30.7,0,-30.7,0,-30.7,0,-30.6,0,-30.6,0,-30.6,0,-30.5,0,-30.4,0,-30.4,0,-30.4,0,-29.5,0,-30.3,0,-30.3,0,-30.3,0,-30.3,0,-30.3,0,-30.3,0,-30.4,0,-30.5,0,-30.5,0,-30.6,0,-30.7,0,-30.7,0,-30.7,0,-30.9,0,-30.9,0,-31.0,0,-31.0,0,-31.1,0,-31.1,0,-31.1,0,-31.1,0,-31.2,0,-31.2,0,-31.2,0,-31.3,0,-31.4,0,-31.3,0,-31.3,0,-31.3,0,-31.3,0,-31.2,0,-31.3,0,-31.2,0
aging,1,preamp,18.0,0.0,-8.17,9.91,-30.0,0,-29.9,0,-30.0,0,-30.1,0,-30.1,0,-30.0,0,-30.1,0,-30.3,0,-30.3,0,-30.3,0,-30.3,0,-30.4,0,-30.4,0,-30.4,0,-30.4,0,-30.4,0,-30.5,0,-30.6,0,-30.4,0,-30.5,0,-30.6,0,-30.6,0,-30.6,0,-30.6,0,-30.4,0,-30.5,0,-30.5,0,-30.4,0,-30.4,0,-30.4,0,-30.4,0,-30.4,0,-30.3,0,-30.4,0,-30.4,0,-30.5,0,-30.5,0,-30.5,0,-30.5,0,-30.6,0,-30.6,0,-30.6,0,-30.7,0,-30.7,0,-30.8,0,-30.8,0,-30.8,0,-30.8,0,-30.8,0,-30.8,0,-30.8,0,-30.7,0,-30.8,0,-30.8,0,-30.7,0,-30.7,0,-30.7,0,-30.6,0,-30.5,0,-30.5,0,-30.5,0,-29.9,0,-30.4,0,-30.4,0,-16.6,1,-30.0,0,-30.5,0,-30.5,0,-30.5,0,-30.6,0,-30.7,0,-30.8,0,-30.8,0,-30.8,0,-30.9,0,-31.0,0,-31.0,0,-31.1,0,-31.2,0,-31.2,0,-31.2,0,-31.3,0,-31.3,0,-31.3,0,-31.3,0,-31.4,0,-31.4,0,-31.5,0,-31.4,0,-31.4,0,-31.4,0,-31.4,0,-31.4,0,-31.4,0,-31.4,0
aging,1,preamp,18.0,0.0,-8.17,9.9,-29.8,0,-29.7,0,-29.8,0,-29.9,0,-29.8,0,-29.8,0,-29.9,0,-30.1,0,-30.1,0,-30.1,0,-30.1,0,-30.2,0,-30.2,0,-30.2,0,-30.2,0,-30.2,0,-30.3,0,-30.4,0,-30.2,0,-30.2,0,-30.3,0,-30.4,0,-30.4,0,-30.4,0,-30.2,0,-30.2,0,-30.3,0,-30.2,0,-30.2,0,-30.2,0,-30.2,0,-30.2,0,-30.1,0,-30.2,0,-30.2,0,-30.3,0,-30.3,0,-30.3,0,-30.3,0,-30.3,0,-30.4,0,-30.4,0,-30.5,0,-30.5,0,-30.5,0,-30.5,0,-30.6,0,-30.6,0,-30.6,0,-30.5,0,-30.6,0,-30.5,0,-30.6,0,-30.6,0,-30.5,0,-30.4,0,-30.4,0,-30.4,0,-30.3,0,-30.2,0,-30.2,0,-30.0,0,-30.2,0,-30.2,0,-30.2,0,-30.1,0,-30.2,0,-30.2,0,-30.3,0,-30.4,0,-30.4,0,-30.5,0,-30.6,0,-30.6,0,-30.7,0,-30.7,0,-30.7,0,-30.9,0,-30.9,0,-17.0,1,-30.7,0,-31.0,0,-31.0,0,-31.0,0,-31.0,0,-31.1,0,-31.1,0,-31.2,0,-31.1,0,-31.1,0,-31.1,0,-31.1,0,-31.1,0,-31.1,0,-31.0,0
aging,1,preamp,18.0,0.0,-8.19,9.89,-29.8,0,-29.8,0,-29.9,0,-30.0,0,-30.0,0,-29.9,0,-30.0,0,-30.1,0,-30.2,0,-30.2,0,-30.2,0,-30.3,0,-30.2,0,-30.3,0,-30.3,0,-30.3,0,-30.4,0,-30.5,0,-30.3,0,-30.3,0,-30.4,0,-30.5,0,-30.5,0,-30.4,0,-30.3,0,-30.3,0,-30.3,0,-30.3,0,-30.3,0,-30.3,0,-30.3,0,-30.3,0,-30.2,0,-30.3,0,-30.3,0,-30.3,0,-30.4,0,-30.4,0,-30.4,0,-30.4,0,-30.5,0,-30.5,0,-30.6,0,-30.6,0,-30.6,0,-30.6,0,-30.7,0,-30.7,0,-30.6,0,-30.6,0,-30.7,0,-30.6,0,-30.6,0,-30.6,0,-30.6,0,-30.5,0,-30.5,0,-30.5,0,-30.4,0,-30.3,0,-30.3,0,-30.0,0,-30.3,0,-30.3,0,-30.3,0,-30.3,0,-30.3,0,-30.3,0,-30.4,0,-30.4,0,-30.5,0,-30.6,0,-30.7,0,-30.6,0,-30.7,0,-30.8,0,-30.8,0,-30.9,0,-31.0,0,-31.1,0,-31.1,0,-31.1,0,-31.1,0,-31.1,0,-31.1,0,-31.2,0,-31.2,0,-31.3,0,-31.2,0,-31.2,0,-31.2,0,-31.2,0,-31.2,0,-31.2,0,-17.0,1
aging,1,preamp,18.0,0.0,-8.58,9.5,-29.2,0,-29.1,0,-29.2,0,-29.2,0,-20.4,1,-29.0,0,-29.3,0,-29.4,0,-29.4,0,-29.4,0,-29.5,0,-29.5,0,-29.5,0,-29.5,0,-29.5,0,-29.5,0,-29.6,0,-29.7,0,-29.6,0,-29.6,0,-29.6,0,-29.7,0,-29.7,0,-29.7,0,-29.6,0,-29.5,0,-29.6,0,-29.5,0,-29.5,0,-29.5,0,-29.5,0,-29.5,0,-29.5,0,-29.5,0,-29.5,0,-29.6,0,-29.6,0,-29.6,0,-29.6,0,-29.6,0,-29.7,0,-29.7,0,-29.7,0,-29.8,0,-29.8,0,-29.8,0,-29.8,0,-29.8,0,-29.8,0,-29.8,0,-29.8,0,-29.8,0,-29.8,0,-29.8,0,-29.7,0,-29.7,0,-29.7,0,-29.7,0,-29.6,0,-29.6,0,-29.6,0,-29.2,0,-29.5,0,-29.5,0,-29.5,0,-29.5,0,-29.5,0,-29.5,0,-29.6,0,-29.7,0,-29.7,0,-29.8,0,-29.8,0,-29.8,0,-29.8,0,-29.9,0,-29.9,0,-30.0,0,-30.1,0,-30.1,0,-30.1,0,-30.1,0,-30.1,0,-30.2,0,-30.2,0,-30.2,0,-30.3,0,-30.3,0,-30.2,0,-30.2,0,-30.2,0,-30.2,0,-30.2,0,-30.2,0,-30.2,0
aging,1,preamp,18.0,0.0,-8.58,9.5,-29.2,0,-29.1,0,-29.2,0,-29.3,0,-29.2,0,-29.2,0,-29.3,0,-29.4,0,-29.4,0,-29.4,0,-29.5,0,-29.5,0,-29.5,0,-29.5,0,-29.5,0,-29.5,0,-29.7,0,-29.7,0,-29.5,0,-20.6,1,-29.5,0,-29.7,0,-29.7,0,-29.7,0,-29.6,0,-29.6,0,-29.6,0,-29.6,0,-29.6,0,-29.5,0,-29.5,0,-29.5,0,-29.5,0,-29.5,0,-29.5,0,-29.6,0,-29.6,0,-29.6,0,-29.6,0,-29.6,0,-29.7,0,-29.7,0,-29.8,0,-29.8,0,-29.8,0,-29.8,0,-29.8,0,-29.8,0,-29.8,0,-29.8,0,-29.8,0,-29.8,0,-29.8,0,-29.8,0,-29.8,0,-29.7,0,-29.7,0,-29.7,0,-29.6,0,-29.6,0,-29.6,0,-29.5,0,-29.5,0,-29.5,0,-29.5,0,-29.5,0,-29.5,0,-29.6,0,-29.6,0,-29.7,0,-29.7,0,-29.8,0,-29.8,0,-29.8,0,-29.9,0,-29.9,0,-29.9,0,-30.1,0,-30.1,0,-30.1,0,-30.2,0,-30.2,0,-30.2,0,-30.2,0,-30.2,0,-30.2,0,-30.3,0,-30.3,0,-30.3,0,-30.3,0,-30.2,0,-30.2,0,-30.2,0,-30.3,0,-30.2,0
aging,1,preamp,18.0,0.0,-8.56,9.52,-29.2,0,-29.1,0,-29.2,0,-29.3,0,-29.2,0,-29.2,0,-29.3,0,-29.4,0,-29.5,0,-29.4,0,-29.5,0,-29.5,0,-29.5,0,-29.5,0,-29.5,0,-29.5,0,-29.7,0,-29.7,0,-29.6,0,-29.6,0,-29.7,0,-29.7,0,-29.7,0,-29.7,0,-29.6,0,-29.6,0,-29.6,0,-29.6,0,-29.6,0,-29.6,0,-29.5,0,-29.5,0,-29.5,0,-29.5,0,-20.2,1,-29.4,0,-29.6,0,-29.6,0,-29.6,0,-29.7,0,-29.7,0,-29.7,0,-29.8,0,-29.8,0,-29.8,0,-29.8,0,-29.8,0,-29.8,0,-29.8,0,-29.8,0,-29.8,0,-29.8,0,-29.8,0,-29.8,0,-29.8,0,-29.7,0,-29.7,0,-29.7,0,-29.6,0,-29.6,0,-29.6,0,-28.6,0,-29.5,0,-29.5,0,-29.5,0,-29.5,0,-29.6,0,-29.6,0,-29.6,0,-29.7,0,-29.7,0,-29.8,0,-29.8,0,-29.8,0,-29.9,0,-29.9,0,-29.9,0,-30.1,0,-30.1,0,-30.1,0,-30.1,0,-30.2,0,-30.2,0,-30.2,0,-30.2,0,-30.2,0,-30.3,0,-30.3,0,-30.3,0,-30.2,0,-30.3,0,-30.2,0,-30.2,0,-30.3,0,-30.2,0
aging,1,preamp,18.0,0.0,-8.57,9.52,-29.2,0,-29.1,0,-29.2,0,-29.2,0,-29.2,0,-29.2,0,-29.3,0,-29.4,0,-29.5,0,-29.4,0,-29.5,0,-29.5,0,-29.5,0,-29.5,0,-29.5,0,-29.5,0,-29.7,0,-29.7,0,-29.6,0,-29.6,0,-29.6,0,-29.7,0,-29.7,0,-29.7,0,-29.6,0,-29.6,0,-29.6,0,-29.5,0,-29.5,0,-29.5,0,-29.5,0,-29.5,0,-29.5,0,-29.5,0,-29.5,0,-29.6,0,-29.6,0,-29.6,0,-29.6,0,-29.7,0,-29.7,0,-29.7,0,-29.8,0,-29.8,0,-29.8,0,-29.8,0,-29.8,0,-29.8,0,-29.8,0,-20.6,1,-29.6,0,-29.8,0,-29.8,0,-29.8,0,-29.8,0,-29.7,0,-29.7,0,-29.7,0,-29.6,0,-29.6,0,-29.6,0,-29.3,0,-29.5,0,-29.5,0,-29.5,0,-29.5,0,-29.5,0,-29.6,0,-29.6,0,-29.6,0,-29.7,0,-29.8,0,-29.8,0,-29.8,0,-29.8,0,-29.9,0,-29.9,0,-30.0,0,-30.1,0,-30.1,0,-30.1,0,-30.1,0,-30.1,0,-30.2,0,-30.2,0,-30.2,0,-30.3,0,-30.3,0,-30.3,0,-30.2,0,-30.2,0,-30.2,0,-30.2,0,-30.2,0,-30.2,0
aging,1,preamp,18.0,0.0,-8.55,9.54,-29.2,0,-29.1,0,-29.2,0,-29.3,0,-29.2,0,-29.2,0,-29.3,0,-29.4,0,-29.4,0,-29.4,0,-29.5,0,-29.5,0,-29.5,0,-29.5,0,-29.5,0,-29.5,0,-29.7,0,-29.7,0,-29.6,0,-29.6,0,-29.6,0,-29.7,0,-29.7,0,-29.7,0,-29.6,0,-29.6,0,-29.6,0,-29.6,0,-29.6,0,-29.5,0,-29.5,0,-29.5,0,-29.5,0,-29.5,0,-29.5,0,-29.6,0,-29.6,0,-29.6,0,-29.6,0,-29.7,0,-29.7,0,-29.7,0,-29.8,0,-29.8,0,-29.8,0,-29.8,0,-29.8,0,-29.8,0,-29.8,0,-29.8,0,-29.8,0,-29.8,0,-29.8,0,-29.8,0,-29.8,0,-29.7,0,-29.7,0,-29.7,0,-29.6,0,-29.6,0,-29.6,0,-29.3,0,-29.6,0,-29.5,0,-20.2,1,-29.2,0,-29.6,0,-29.6,0,-29.6,0,-29.7,0,-29.7,0,-29.8,0,-29.8,0,-29.8,0,-29.9,0,-29.9,0,-29.9,0,-30.0,0,-30.1,0,-30.1,0,-30.1,0,-30.2,0,-30.2,0,-30.2,0,-30.2,0,-30.2,0,-30.3,0,-30.3,0,-30.3,0,-30.3,0,-30.2,0,-30.2,0,-30.2,0,-30.3,0,-30.2,0
aging,1,preamp,18.0,0.0,-8.55,9.53,-29.2,0,-29.1,0,-29.2,0,-29.2,0,-29.2,0,-29.2,0,-29.3,0,-29.4,0,-29.4,0,-29.4,0,-29.5,0,-29.5,0,-29.5,0,-29.5,0,-29.5,0,-29.5,0,-29.6,0,-29.7,0,-29.6,0,-29.6,0,-29.6,0,-29.7,0,-29.7,0,-29.7,0,-29.6,0,-29.5,0,-29.5,0,-29.5,0,-29.5,0,-29.5,0,-29.5,0,-29.5,0,-29.5,0,-29.5,0,-29.5,0,-29.6,0,-29.6,0,-29.6,0,-29.6,0,-29.6,0,-29.7,0,-29.7,0,-29.7,0,-29.8,0,-29.8,0,-29.8,0,-29.8,0,-29.8,0,-29.8,0,-29.8,0,-29.8,0,-29.8,0,-29.8,0,-29.8,0,-29.8,0,-29.7,0,-29.7,0,-29.6,0,-29.6,0,-29.5,0,-29.5,0,-29.3,0,-29.5,0,-29.5,0,-29.5,0,-29.5,0,-29.5,0,-29.5,0,-29.6,0,-29.6,0,-29.7,0,-29.7,0,-29.8,0,-29.8,0,-29.8,0,-29.9,0,-29.9,0,-30.0,0,-30.0,0,-20.6,1,-29.9,0,-30.1,0,-30.1,0,-30.1,0,-30.1,0,-30.2,0,-30.2,0,-30.3,0,-30.2,0,-30.2,0,-30.2,0,-30.2,0,-30.2,0,-30.2,0,-30.1,0
aging,1,preamp,18.0,0.0,-8.57,9.51,-29.2,0,-29.1,0,-29.2,0,-29.2,0,-29.2,0,-29.2,0,-29.2,0,-29.4,0,-29.4,0,-29.4,0,-29.4,0,-29.5,0,-29.5,0,-29.5,0,-29.5,0,-29.5,0,-29.6,0,-29.7,0,-29.6,0,-29.6,0,-29.6,0,-29.7,0,-29.7,0,-29.6,0,-29.5,0,-29.5,0,-29.5,0,-29.5,0,-29.5,0,-29.5,0,-29.5,0,-29.5,0,-29.5,0,-29.5,0,-29.5,0,-29.5,0,-29.6,0,-29.6,0,-29.6,0,-29.6,0,-29.6,0,-29.7,0,-29.7,0,-29.7,0,-29.7,0,-29.7,0,-29.8,0,-29.8,0,-29.8,0,-29.8,0,-29.8,0,-29.8,0,-29.8,0,-29.8,0,-29.7,0,-29.7,0,-29.7,0,-29.6,0,-29.6,0,-29.5,0,-29.5,0,-29.1,0,-29.5,0,-29.5,0,-29.5,0,-29.5,0,-29.5,0,-29.5,0,-29.6,0,-29.6,0,-29.7,0,-29.7,0,-29.8,0,-29.8,0,-29.8,0,-29.9,0,-29.9,0,-30.0,0,-30.0,0,-30.1,0,-30.1,0,-30.1,0,-30.1,0,-30.1,0,-30.1,0,-30.2,0,-30.2,0,-30.3,0,-30.2,0,-30.2,0,-30.2,0,-30.2,0,-30.2,0,-30.2,0,-20.7,1
aging,1,preamp,18.0,0.0,-7.67,10.39,-29.9,0,-29.8,0,-29.7,0,-16.7,1,-16.7,1,-29.6,0,-30.1,0,-30.2,0,-30.3,0,-30.2,0,-30.3,0,-30.3,0,-30.3,0,-30.4,0,-30.4,0,-30.4,0,-30.5,0,-30.6,0,-30.4,0,-30.4,0,-30.5,0,-30.6,0,-30.6,0,-30.5,0,-30.4,0,-30.4,0,-30.4,0,-30.4,0,-30.4,0,-30.4,0,-30.3,0,-30.4,0,-30.3,0,-30.4,0,-30.4,0,-30.4,0,-30.5,0,-30.5,0,-30.5,0,-30.5,0,-30.6,0,-30.6,0,-30.7,0,-30.7,0,-30.7,0,-30.7,0,-30.8,0,-30.8,0,-30.8,0,-30.7,0,-30.8,0,-30.7,0,-30.8,0,-30.7,0,-30.7,0,-30.6,0,-30.6,0,-30.6,0,-30.5,0,-30.4,0,-30.4,0,-29.7,0,-30.4,0,-30.4,0,-30.3,0,-30.3,0,-30.4,0,-30.4,0,-30.5,0,-30.6,0,-30.7,0,-30.7,0,-30.8,0,-30.8,0,-30.9,0,-30.9,0,-30.9,0,-31.1,0,-31.1,0,-31.2,0,-31.2,0,-31.2,0,-31.2,0,-31.2,0,-31.3,0,-31.3,0,-31.4,0,-31.5,0,-31.3,0,-31.4,0,-31.4,0,-31.4,0,-31.3,0,-31.4,0,-31.3,0
aging,1,preamp,18.0,0.0,-7.66,10.41,-29.9,0,-29.9,0,-30.0,0,-30.0,0,-30.0,0,-30.0,0,-30.1,0,-30.3,0,-30.3,0,-30.3,0,-30.3,0,-30.4,0,-30.4,0,-30.4,0,-30.4,0,-30.4,0,-30.5,0,-30.4,0,-16.8,1,-16.8,1,-30.2,0,-30.6,0,-30.6,0,-30.6,0,-30.4,0,-30.5,0,-30.5,0,-30.4,0,-30.4,0,-30.4,0,-30.4,0,-30.4,0,-30.3,0,-30.4,0,-30.4,0,-30.5,0,-30.5,0,-30.5,0,-30.5,0,-30.5,0,-30.6,0,-30.6,0,-30.7,0,-30.7,0,-30.7,0,-30.7,0,-30.8,0,-30.8,0,-30.8,0,-30.8,0,-30.8,0,-30.8,0,-30.8,0,-30.7,0,-30.7,0,-30.7,0,-30.7,0,-30.6,0,-30.5,0,-30.5,0,-30.5,0,-30.1,0,-30.4,0,-30.4,0,-30.4,0,-30.4,0,-30.4,0,-30.5,0,-30.5,0,-30.6,0,-30.7,0,-30.7,0,-30.8,0,-30.8,0,-30.9,0,-31.0,0,-31.0,0,-31.1,0,-31.2,0,-31.3,0,-31.2,0,-31.3,0,-31.3,0,-31.3,0,-31.3,0,-31.4,0,-31.4,0,-31.5,0,-31.4,0,-31.4,0,-31.4,0,-31.4,0,-31.4,0,-31.4,0,-31.4,0
aging,1,preamp,18.0,0.0,-7.54,10.52,-30.1,0,-30.0,0,-30.1,0,-30.2,0,-30.2,0,-30.2,0,-30.3,0,-30.4,0,-30.5,0,-30.4,0,-30.5,0,-30.6,0,-30.6,0,-30.6,0,-30.6,0,-30.6,0,-30.7,0,-30.8,0,-30.6,0,-30.7,0,-30.7,0,-30.8,0,-30.8,0,-30.8,0,-30.6,0,-30.6,0,-30.7,0,-30.6,0,-30.6,0,-30.6,0,-30.6,0,-30.6,0,-30.4,0,-16.2,1,-16.3,1,-30.5,0,-30.7,0,-30.8,0,-30.7,0,-30.8,0,-30.8,0,-30.9,0,-30.9,0,-30.9,0,-31.0,0,-31.0,0,-31.0,0,-31.0,0,-31.0,0,-31.0,0,-31.0,0,-31.0,0,-31.0,0,-31.0,0,-30.9,0,-30.9,0,-30.9,0,-30.8,0,-30.7,0,-30.7,0,-30.7,0,-29.5,0,-30.6,0,-30.6,0,-30.6,0,-30.6,0,-30.6,0,-30.7,0,-30.7,0,-30.8,0,-30.9,0,-31.0,0,-31.0,0,-31.0,0,-31.1,0,-31.2,0,-31.2,0,-31.3,0,-31.4,0,-31.5,0,-31.5,0,-31.5,0,-31.5,0,-31.5,0,-31.5,0,-31.6,0,-31.7,0,-31.7,0,-31.6,0,-31.7,0,-31.7,0,-31.6,0,-31.6,0,-31.7,0,-31.6,0
aging,1,preamp,18.0,0.0,-7.63,10.43,-29.9,0,-29.8,0,-29.9,0,-30.0,0,-30.0,0,-29.9,0,-30.0,0,-30.2,0,-30.2,0,-30.2,0,-30.2,0,-30.3,0,-30.3,0,-30.3,0,-30.3,0,-30.3,0,-30.5,0,-30.5,0,-30.4,0,-30.4,0,-30.4,0,-30.5,0,-30.5,0,-30.5,0,-30.4,0,-30.4,0,-30.4,0,-30.3,0,-30.3,0,-30.3,0,-30.3,0,-30.3,0,-30.3,0,-30.3,0,-30.3,0,-30.4,0,-30.4,0,-30.5,0,-30.5,0,-30.5,0,-30.5,0,-30.6,0,-30.6,0,-30.7,0,-30.7,0,-30.7,0,-30.8,0,-30.7,0,-16.8,1,-16.9,1,-30.5,0,-30.7,0,-30.7,0,-30.7,0,-30.7,0,-30.6,0,-30.6,0,-30.6,0,-30.5,0,-30.4,0,-30.4,0,-30.1,0,-30.3,0,-30.4,0,-30.4,0,-30.3,0,-30.4,0,-30.4,0,-30.4,0,-30.5,0,-30.6,0,-30.7,0,-30.7,0,-30.7,0,-30.8,0,-30.9,0,-30.9,0,-31.0,0,-31.1,0,-31.2,0,-31.2,0,-31.2,0,-31.2,0,-31.2,0,-31.2,0,-31.3,0,-31.3,0,-31.5,0,-31.3,0,-31.3,0,-31.3,0,-31.3,0,-31.3,0,-31.3,0,-31.3,0
aging,1,preamp,18.0,0.0,-7.59,10.47,-30.0,0,-29.9,0,-30.0,0,-30.1,0,-30.1,0,-30.0,0,-30.1,0,-30.3,0,-30.3,0,-30.3,0,-30.3,0,-30.4,0,-30.4,0,-30.4,0,-30.4,0,-30.4,0,-30.5,0,-30.6,0,-30.5,0,-30.5,0,-30.5,0,-30.6,0,-30.6,0,-30.6,0,-30.5,0,-30.5,0,-30.5,0,-30.4,0,-30.4,0,-30.4,0,-30.4,0,-30.4,0,-30.4,0,-30.4,0,-30.4,0,-30.5,0,-30.5,0,-30.5,0,-30.6,0,-30.6,0,-30.6,0,-30.7,0,-30.7,0,-30.8,0,-30.8,0,-30.7,0,-30.8,0,-30.8,0,-30.8,0,-30.8,0,-30.8,0,-30.8,0,-30.8,0,-30.8,0,-30.7,0,-30.7,0,-30.7,0,-30.6,0,-30.6,0,-30.5,0,-30.5,0,-30.0,0,-30.4,0,-16.6,1,-16.6,1,-30.0,0,-30.5,0,-30.5,0,-30.6,0,-30.6,0,-30.7,0,-30.8,0,-30.8,0,-30.9,0,-30.9,0,-31.0,0,-31.0,0,-31.1,0,-31.2,0,-31.3,0,-31.3,0,-31.3,0,-31.3,0,-31.3,0,-31.3,0,-31.4,0,-31.5,0,-31.6,0,-31.4,0,-31.5,0,-31.5,0,-31.4,0,-31.4,0,-31.4,0,-31.4,0
aging,1,preamp,18.0,0.0,-7.48,10.58,-29.9,0,-29.9,0,-29.9,0,-30.0,0,-30.0,0,-29.9,0,-30.0,0,-30.2,0,-30.2,0,-30.2,0,-30.3,0,-30.3,0,-30.3,0,-30.4,0,-30.4,0,-30.4,0,-30.5,0,-30.5,0,-30.4,0,-30.4,0,-30.5,0,-30.6,0,-30.5,0,-30.5,0,-30.4,0,-30.4,0,-30.4,0,-30.4,0,-30.4,0,-30.4,0,-30.3,0,-30.3,0,-30.3,0,-30.3,0,-30.3,0,-30.4,0,-30.5,0,-30.5,0,-30.5,0,-30.5,0,-30.5,0,-30.6,0,-30.6,0,-30.7,0,-30.7,0,-30.7,0,-30.7,0,-30.7,0,-30.7,0,-30.7,0,-30.7,0,-30.7,0,-30.7,0,-30.7,0,-30.6,0,-30.6,0,-30.5,0,-30.5,0,-30.4,0,-30.4,0,-30.4,0,-30.0,0,-30.4,0,-30.4,0,-30.3,0,-30.3,0,-30.4,0,-30.4,0,-30.4,0,-30.5,0,-30.6,0,-30.7,0,-30.7,0,-30.7,0,-30.8,0,-30.9,0,-30.9,0,-31.0,0,-16.5,1,-16.4,1,-30.9,0,-31.2,0,-31.2,0,-31.2,0,-31.2,0,-31.2,0,-31.3,0,-31.4,0,-31.3,0,-31.2,0,-31.3,0,-31.2,0,-31.2,0,-31.2,0,-31.2,0
aging,1,preamp,18.0,0.0,-7.63,10.44,-30.6,0,-30.5,0,-30.6,0,-30.7,0,-30.6,0,-30.6,0,-30.7,0,-30.9,0,-30.9,0,-30.9,0,-30.9,0,-31.0,0,-30.9,0,-31.0,0,-31.0,0,-31.0,0,-31.1,0,-31.1,0,-31.0,0,-31.0,0,-31.1,0,-31.2,0,-31.1,0,-31.1,0,-31.0,0,-31.0,0,-31.0,0,-31.0,0,-31.0,0,-31.0,0,-31.0,0,-31.0,0,-30.9,0,-30.9,0,-30.9,0,-31.0,0,-31.0,0,-31.1,0,-31.1,0,-31.1,0,-31.1,0,-31.2,0,-31.2,0,-31.3,0,-31.3,0,-31.3,0,-31.3,0,-31.3,0,-31.3,0,-31.3,0,-31.3,0,-31.3,0,-31.3,0,-31.3,0,-31.2,0,-31.2,0,-31.2,0,-31.1,0,-31.1,0,-31.0,0,-31.0,0,-29.8,0,-31.0,0,-31.0,0,-30.9,0,-30.9,0,-31.0,0,-31.0,0,-31.0,0,-31.1,0,-31.2,0,-31.3,0,-31.3,0,-31.3,0,-31.4,0,-31.5,0,-31.5,0,-31.6,0,-31.7,0,-31.7,0,-31.7,0,-31.7,0,-31.7,0,-31.7,0,-31.7,0,-31.8,0,-31.8,0,-31.9,0,-31.8,0,-31.9,0,-31.9,0,-31.9,0,-31.8,0,-17.0,1,-17.0,1
aging,1,preamp,18.0,0.0,-8.34,9.74,-29.2,0,-29.1,0,-29.1,0,-20.4,1,-20.4,1,-29.0,0,-29.3,0,-29.4,0,-29.4,0,-29.5,0,-29.5,0,-29.5,0,-29.5,0,-29.5,0,-29.5,0,-29.5,0,-29.6,0,-29.7,0,-29.6,0,-29.6,0,-29.6,0,-29.7,0,-29.7,0,-29.7,0,-29.6,0,-29.6,0,-29.6,0,-29.5,0,-29.5,0,-29.5,0,-29.5,0,-29.5,0,-29.5,0,-29.5,0,-29.5,0,-29.6,0,-29.6,0,-29.6,0,-29.6,0,-29.6,0,-29.7,0,-29.7,0,-29.8,0,-29.8,0,-29.8,0,-29.8,0,-29.8,0,-29.8,0,-29.8,0,-29.8,0,-29.8,0,-29.8,0,-29.8,0,-29.8,0,-29.8,0,-29.7,0,-29.7,0,-29.7,0,-29.6,0,-29.6,0,-29.5,0,-29.1,0,-29.5,0,-29.5,0,-29.5,0,-29.5,0,-29.5,0,-29.6,0,-29.6,0,-29.7,0,-29.7,0,-29.8,0,-29.8,0,-29.8,0,-29.8,0,-29.9,0,-29.9,0,-30.1,0,-30.1,0,-30.1,0,-30.2,0,-30.2,0,-30.2,0,-30.2,0,-30.2,0,-30.2,0,-30.3,0,-30.3,0,-30.3,0,-30.2,0,-30.3,0,-30.2,0,-30.2,0,-30.2,0,-30.2,0
aging,1,preamp,18.0,0.0,-8.33,9.74,-29.2,0,-29.1,0,-29.2,0,-29.2,0,-29.2,0,-29.2,0,-29.3,0,-29.4,0,-29.4,0,-29.4,0,-29.5,0,-29.5,0,-29.5,0,-29.5,0,-29.5,0,-29.5,0,-29.6,0,-29.6,0,-20.5,1,-20.5,1,-29.5,0,-29.7,0,-29.7,0,-29.7,0,-29.6,0,-29.6,0,-29.6,0,-29.5,0,-29.5,0,-29.5,0,-29.5,0,-29.5,0,-29.5,0,-29.5,0,-29.5,0,-29.6,0,-29.6,0,-29.6,0,-29.6,0,-29.7,0,-29.7,0,-29.7,0,-29.8,0,-29.8,0,-29.8,0,-29.8,0,-29.8,0,-29.8,0,-29.8,0,-29.8,0,-29.8,0,-29.8,0,-29.8,0,-29.8,0,-29.8,0,-29.7,0,-29.7,0,-29.7,0,-29.6,0,-29.6,0,-29.6,0,-29.2,0,-29.5,0,-29.5,0,-29.5,0,-29.5,0,-29.5,0,-29.6,0,-29.6,0,-29.7,0,-29.7,0,-29.8,0,-29.8,0,-29.8,0,-29.9,0,-29.9,0,-29.9,0,-30.1,0,-30.1,0,-30.1,0,-30.2,0,-30.2,0,-30.2,0,-30.2,0,-30.2,0,-30.2,0,-30.3,0,-30.3,0,-30.3,0,-30.3,0,-30.3,0,-30.3,0,-30.2,0,-30.3,0,-30.2,0
aging,1,preamp,18.0,0.0,-8.27,9.81,-29.2,0,-29.1,0,-29.2,0,-29.3,0,-29.3,0,-29.2,0,-29.3,0,-29.4,0,-29.4,0,-29.4,0,-29.5,0,-29.5,0,-29.5,0,-29.5,0,-29.5,0,-29.5,0,-29.7,0,-29.7,0,-29.6,0,-29.6,0,-29.7,0,-29.7,0,-29.7,0,-29.7,0,-29.6,0,-29.6,0,-29.6,0,-29.6,0,-29.6,0,-29.6,0,-29.6,0,-29.6,0,-29.4,0,-20.0,1,-19.9,1,-29.4,0,-29.6,0,-29.6,0,-29.6,0,-29.7,0,-29.7,0,-29.7,0,-29.8,0,-29.8,0,-29.8,0,-29.8,0,-29.8,0,-29.8,0,-29.8,0,-29.8,0,-29.8,0,-29.8,0,-29.8,0,-29.8,0,-29.8,0,-29.8,0,-29.7,0,-29.7,0,-29.6,0,-29.6,0,-29.6,0,-29.5,0,-29.6,0,-29.6,0,-29.5,0,-29.5,0,-29.6,0,-29.6,0,-29.6,0,-29.7,0,-29.7,0,-29.8,0,-29.8,0,-29.8,0,-29.9,0,-29.9,0,-29.9,0,-30.1,0,-30.1,0,-30.2,0,-30.2,0,-30.2,0,-30.2,0,-30.2,0,-30.2,0,-30.2,0,-30.4,0,-30.4,0,-30.3,0,-30.3,0,-30.3,0,-30.3,0,-30.3,0,-30.3,0,-30.3,0
aging,1,preamp,18.0,0.0,-8.31,9.77,-29.2,0,-29.1,0,-29.2,0,-29.3,0,-29.2,0,-29.2,0,-29.3,0,-29.4,0,-29.4,0,-29.4,0,-29.5,0,-29.5,0,-29.5,0,-29.5,0,-29.5,0,-29.5,0,-29.6,0,-29.7,0,-29.6,0,-29.6,0,-29.6,0,-29.7,0,-29.7,0,-29.7,0,-29.6,0,-29.6,0,-29.6,0,-29.5,0,-29.5,0,-29.5,0,-29.5,0,-29.5,0,-29.5,0,-29.5,0,-29.5,0,-29.6,0,-29.6,0,-29.6,0,-29.6,0,-29.6,0,-29.7,0,-29.7,0,-29.7,0,-29.8,0,-29.8,0,-29.8,0,-29.8,0,-29.8,0,-20.5,1,-20.5,1,-29.6,0,-29.8,0,-29.8,0,-29.8,0,-29.8,0,-29.7,0,-29.7,0,-29.7,0,-29.6,0,-29.6,0,-29.5,0,-29.0,0,-29.5,0,-29.5,0,-29.5,0,-29.5,0,-29.5,0,-29.5,0,-29.6,0,-29.6,0,-29.7,0,-29.8,0,-29.8,0,-29.8,0,-29.8,0,-29.9,0,-29.9,0,-30.0,0,-30.1,0,-30.1,0,-30.1,0,-30.1,0,-30.1,0,-30.1,0,-30.2,0,-30.2,0,-30.3,0,-30.3,0,-30.3,0,-30.2,0,-30.2,0,-30.2,0,-30.2,0,-30.2,0,-30.2,0
aging,1,preamp,18.0,0.0,-8.27,9.8,-29.2,0,-29.1,0,-29.2,0,-29.3,0,-29.3,0,-29.2,0,-29.3,0,-29.4,0,-29.5,0,-29.5,0,-29.5,0,-29.5,0,-29.5,0,-29.5,0,-29.5,0,-29.6,0,-29.7,0,-29.7,0,-29.6,0,-29.6,0,-29.7,0,-29.7,0,-29.7,0,-29.7,0,-29.6,0,-29.6,0,-29.6,0,-29.6,0,-29.6,0,-29.6,0,-29.5,0,-29.6,0,-29.5,0,-29.5,0,-29.6,0,-29.6,0,-29.6,0,-29.6,0,-29.7,0,-29.7,0,-29.7,0,-29.7,0,-29.8,0,-29.8,0,-29.8,0,-29.8,0,-29.8,0,-29.8,0,-29.8,0,-29.8,0,-29.8,0,-29.8,0,-29.8,0,-29.8,0,-29.8,0,-29.7,0,-29.7,0,-29.7,0,-29.7,0,-29.6,0,-29.6,0,-29.4,0,-29.5,0,-20.1,1,-20.1,1,-29.3,0,-29.6,0,-29.6,0,-29.6,0,-29.7,0,-29.7,0,-29.8,0,-29.8,0,-29.8,0,-29.9,0,-29.9,0,-29.9,0,-30.1,0,-30.1,0,-30.2,0,-30.2,0,-30.2,0,-30.2,0,-30.2,0,-30.2,0,-30.2,0,-30.3,0,-30.4,0,-30.3,0,-30.3,0,-30.3,0,-30.3,0,-30.3,0,-30.3,0,-30.3,0
aging,1,preamp,18.0,0.0,-8.23,9.84,-29.2,0,-29.1,0,-29.2,0,-29.2,0,-29.2,0,-29.2,0,-29.2,0,-29.4,0,-29.4,0,-29.4,0,-29.4,0,-29.5,0,-29.5,0,-29.5,0,-29.5,0,-29.5,0,-29.6,0,-29.7,0,-29.6,0,-29.6,0,-29.6,0,-29.7,0,-29.7,0,-29.7,0,-29.5,0,-29.5,0,-29.5,0,-29.5,0,-29.5,0,-29.5,0,-29.5,0,-29.5,0,-29.5,0,-29.5,0,-29.5,0,-29.5,0,-29.6,0,-29.6,0,-29.6,0,-29.6,0,-29.6,0,-29.7,0,-29.7,0,-29.7,0,-29.8,0,-29.7,0,-29.8,0,-29.8,0,-29.8,0,-29.8,0,-29.8,0,-29.8,0,-29.8,0,-29.8,0,-29.7,0,-29.7,0,-29.7,0,-29.6,0,-29.6,0,-29.5,0,-29.5,0,-29.3,0,-29.5,0,-29.5,0,-29.5,0,-29.5,0,-29.5,0,-29.5,0,-29.6,0,-29.6,0,-29.7,0,-29.7,0,-29.8,0,-29.7,0,-29.8,0,-29.9,0,-29.9,0,-30.0,0,-20.1,1,-20.2,1,-29.9,0,-30.1,0,-30.1,0,-30.1,0,-30.1,0,-30.2,0,-30.2,0,-30.3,0,-30.2,0,-30.2,0,-30.2,0,-30.2,0,-30.2,0,-30.2,0,-30.2,0
aging,1,preamp,18.0,0.0,-8.32,9.76,-29.3,0,-29.2,0,-29.3,0,-29.4,0,-29.3,0,-29.3,0,-29.3,0,-29.5,0,-29.6,0,-29.6,0,-29.6,0,-29.7,0,-29.6,0,-29.7,0,-29.7,0,-29.7,0,-29.8,0,-29.9,0,-29.7,0,-29.7,0,-29.8,0,-29.9,0,-29.9,0,-29.9,0,-29.7,0,-29.7,0,-29.7,0,-29.7,0,-29.7,0,-29.7,0,-29.7,0,-29.7,0,-29.6,0,-29.7,0,-29.7,0,-29.8,0,-29.8,0,-29.8,0,-29.8,0,-29.8,0,-29.9,0,-29.9,0,-30.0,0,-30.0,0,-30.0,0,-30.0,0,-30.1,0,-30.1,0,-30.0,0,-30.0,0,-30.0,0,-30.0,0,-30.0,0,-30.0,0,-30.0,0,-29.9,0,-29.9,0,-29.8,0,-29.8,0,-29.7,0,-29.7,0,-29.0,0,-29.7,0,-29.7,0,-29.7,0,-29.6,0,-29.7,0,-29.7,0,-29.8,0,-29.9,0,-29.9,0,-30.0,0,-30.1,0,-30.1,0,-30.1,0,-30.2,0,-30.2,0,-30.3,0,-30.4,0,-30.5,0,-30.5,0,-30.5,0,-30.5,0,-30.5,0,-30.5,0,-30.5,0,-30.7,0,-30.7,0,-30.6,0,-30.6,0,-30.6,0,-30.6,0,-30.6,0,-20.8,1,-20.7,1
shb,0,preamp,18.0,0.0,-2.4,15.63,-31.4,0,-31.2,0,-16.9,1,-31.3,0,-31.4,0,-31.5,0,-31.5,0,-31.6,0,-31.5,0,-16.9,1,-31.7,0,-31.9,0,-31.8,0,-31.8,0,-31.8,0,-16.9,1,-31.6,0,-17.0,1,-31.6,0,-17.0,1,-32.0,0,-32.1,0,-31.8,0,-17.0,1,-32.1,0,-31.6,0,-17.0,1,-31.9,0,-31.7,0,-16.9,1,-31.9,0,-31.7,0,-16.9,1,-31.9,0,-31.8,0,-31.8,0,-31.9,0,-31.9,0,-31.9,0,-31.8,0,-16.9,1,-31.7,0,-16.9,1,-32.0,0,-32.0,0,-32.0,0,-17.0,1,-32.0,0,-32.1,0,-32.1,0,-32.1,0,-32.0,0,-32.0,0,-16.9,1,-32.0,0,-32.0,0,-31.9,0,-31.8,0,-16.9,1,-31.6,0,-16.9,1,-31.6,0,-31.8,0,-31.7,0,-31.8,0,-31.8,0,-31.8,0,-16.8,1,-31.9,0,-31.9,0,-17.0,1,-16.9,1,-32.2,0,-32.4,0,-32.6,0,-32.5,0,-16.9,1,-32.6,0,-32.8,0,-32.8,0,-32.8,0,-32.8,0,-32.8,0,-32.9,0,-33.0,0,-33.0,0,-16.9,1,-33.3,0,-16.9,1,-17.0,1,-33.3,0,-33.3,0,-16.9,1,-33.2,0,-33.3,0
shb,0,preamp,18.0,0.0,-2.65,15.37,-30.7,0,-30.7,0,-30.7,0,-30.5,0,-17.2,1,-30.6,0,-30.4,0,-17.3,1,-17.2,1,-30.8,0,-30.6,0,-17.1,1,-31.0,0,-30.8,0,-17.2,1,-17.2,1,-31.2,0,-31.3,0,-30.9,0,-17.2,1,-31.1,0,-31.4,0,-31.0,0,-17.2,1,-17.2,1,-31.1,0,-31.2,0,-31.3,0,-31.1,0,-31.2,0,-31.0,0,-17.2,1,-31.0,0,-31.0,0,-17.3,1,-17.2,1,-31.1,0,-31.2,0,-30.9,0,-17.2,1,-31.0,0,-17.2,1,-31.2,0,-31.4,0,-31.3,0,-31.2,0,-17.2,1,-17.2,1,-31.3,0,-31.4,0,-31.1,0,-17.2,1,-31.2,0,-31.2,0,-31.3,0,-31.1,0,-17.2,1,-31.0,0,-31.1,0,-31.1,0,-31.1,0,-30.4,0,-31.0,0,-30.9,0,-31.0,0,-31.0,0,-31.1,0,-31.0,0,-17.3,1,-31.0,0,-31.3,0,-31.5,0,-31.5,0,-31.7,0,-31.9,0,-31.9,0,-31.8,0,-17.2,1,-32.0,0,-31.9,0,-17.3,1,-31.9,0,-32.0,0,-17.3,1,-32.1,0,-32.2,0,-32.3,0,-32.4,0,-32.4,0,-32.4,0,-32.4,0,-32.3,0,-32.4,0,-32.4,0,-17.2,1
shb,0,preamp,18.0,0.0,-2.4,15.62,-31.5,0,-31.4,0,-31.3,0,-17.0,1,-31.2,0,-16.9,1,-31.5,0,-31.7,0,-31.8,0,-31.8,0,-31.8,0,-31.7,0,-17.0,1,-17.0,1,-16.9,1,-32.0,0,-31.8,0,-17.0,1,-31.9,0,-31.9,0,-32.1,0,-32.2,0,-32.1,0,-31.8,0,-17.0,1,-31.8,0,-31.7,0,-17.0,1,-31.9,0,-32.0,0,-32.0,0,-31.8,0,-16.9,1,-31.9,0,-31.9,0,-31.8,0,-31.8,0,-16.9,1,-31.9,0,-31.9,0,-16.9,1,-32.0,0,-32.1,0,-32.2,0,-32.1,0,-32.2,0,-32.1,0,-32.0,0,-17.0,1,-16.9,1,-31.9,0,-16.9,1,-32.0,0,-32.0,0,-32.1,0,-32.0,0,-16.9,1,-31.9,0,-32.0,0,-31.9,0,-31.9,0,-16.9,1,-31.7,0,-31.8,0,-31.8,0,-31.9,0,-31.8,0,-16.8,1,-31.9,0,-31.9,0,-32.2,0,-32.3,0,-32.3,0,-16.9,1,-32.5,0,-32.7,0,-32.7,0,-17.0,1,-32.8,0,-32.8,0,-16.9,1,-17.0,1,-32.8,0,-33.0,0,-32.9,0,-33.0,0,-33.1,0,-33.2,0,-33.3,0,-33.2,0,-16.8,1,-33.3,0,-33.2,0,-17.0,1,-33.2,0
shb,0,preamp,18.0,0.0,-2.47,15.55,-31.4,0,-31.3,0,-31.4,0,-31.4,0,-31.2,0,-17.0,1,-31.4,0,-31.4,0,-17.0,1,-31.5,0,-31.7,0,-31.6,0,-17.1,1,-31.5,0,-17.1,1,-17.0,1,-17.0,1,-17.0,1,-31.5,0,-17.0,1,-17.1,1,-17.0,1,-32.0,0,-32.0,0,-32.1,0,-31.8,0,-31.9,0,-31.9,0,-31.8,0,-31.8,0,-31.9,0,-31.8,0,-31.8,0,-31.9,0,-31.7,0,-31.7,0,-31.9,0,-31.9,0,-31.8,0,-32.0,0,-31.8,0,-31.9,0,-32.0,0,-32.1,0,-31.9,0,-32.0,0,-32.0,0,-32.0,0,-32.0,0,-32.0,0,-32.0,0,-31.9,0,-32.0,0,-31.8,0,-17.0,1,-31.9,0,-31.7,0,-17.0,1,-31.8,0,-31.7,0,-17.0,1,-31.2,0,-31.7,0,-31.7,0,-31.7,0,-17.0,1,-31.7,0,-31.9,0,-31.9,0,-31.8,0,-17.0,1,-32.1,0,-17.0,1,-32.3,0,-17.1,1,-17.1,1,-17.0,1,-32.7,0,-32.8,0,-32.7,0,-32.7,0,-17.1,1,-32.6,0,-17.0,1,-32.8,0,-33.0,0,-32.9,0,-17.1,1,-33.0,0,-33.2,0,-33.1,0,-33.1,0,-17.1,1,-33.0,0,-33.1,0
shb,0,preamp,18.0,0.0,-2.55,15.48,-31.4,0,-31.3,0,-31.4,0,-31.4,0,-31.2,0,-17.2,1,-17.1,1,-17.1,1,-31.4,0,-17.2,1,-31.6,0,-31.8,0,-31.8,0,-31.8,0,-31.8,0,-17.1,1,-31.9,0,-32.0,0,-31.9,0,-31.6,0,-17.1,1,-32.0,0,-32.0,0,-32.0,0,-32.1,0,-31.6,0,-17.1,1,-31.7,0,-17.2,1,-31.8,0,-31.9,0,-31.8,0,-31.6,0,-17.1,1,-31.7,0,-31.7,0,-31.9,0,-31.9,0,-31.8,0,-32.0,0,-31.9,0,-31.9,0,-32.0,0,-31.9,0,-17.2,1,-32.0,0,-32.0,0,-32.0,0,-32.1,0,-32.1,0,-32.0,0,-32.0,0,-32.0,0,-31.9,0,-31.9,0,-17.2,1,-31.7,0,-17.1,1,-17.0,1,-17.0,1,-31.7,0,-31.3,0,-17.1,1,-31.6,0,-31.7,0,-17.1,1,-31.8,0,-31.9,0,-31.9,0,-31.9,0,-32.0,0,-32.2,0,-32.3,0,-32.4,0,-32.4,0,-17.1,1,-32.5,0,-17.1,1,-17.1,1,-32.6,0,-32.8,0,-32.8,0,-32.8,0,-32.9,0,-32.9,0,-32.9,0,-17.1,1,-33.2,0,-33.3,0,-17.1,1,-33.3,0,-33.2,0,-17.2,1,-17.1,1,-33.1,0
shb,0,preamp,18.0,0.0,-0.92,17.09,-31.4,0,-31.4,0,-31.2,0,-16.7,1,-31.1,0,-16.8,1,-31.5,0,-31.6,0,-31.7,0,-31.7,0,-31.7,0,-31.9,0,-31.8,0,-31.8,0,-32.0,0,-32.0,0,-31.7,0,-16.8,1,-31.9,0,-31.7,0,-16.8,1,-16.7,1,-31.8,0,-16.7,1,-31.8,0,-16.7,1,-16.8,1,-16.7,1,-31.6,0,-16.7,1,-31.7,0,-16.7,1,-31.8,0,-32.0,0,-31.8,0,-31.8,0,-31.9,0,-31.9,0,-31.9,0,-32.0,0,-32.0,0,-31.8,0,-16.7,1,-16.7,1,-31.9,0,-16.8,1,-16.7,1,-32.0,0,-32.1,0,-32.2,0,-32.1,0,-32.0,0,-32.1,0,-32.0,0,-32.1,0,-32.1,0,-31.8,0,-16.8,1,-16.7,1,-31.9,0,-31.9,0,-16.7,1,-31.7,0,-16.7,1,-31.7,0,-16.7,1,-16.6,1,-16.7,1,-31.8,0,-16.7,1,-32.1,0,-32.3,0,-32.3,0,-32.5,0,-32.6,0,-32.6,0,-16.8,1,-16.7,1,-16.7,1,-16.8,1,-32.9,0,-32.9,0,-16.7,1,-33.0,0,-33.0,0,-33.1,0,-16.8,1,-33.3,0,-16.7,1,-33.3,0,-33.4,0,-33.3,0,-16.8,1,-16.8,1,-16.8,1
shb,0,preamp,18.0,0.0,-0.93,17.09,-31.4,0,-31.4,0,-31.4,0,-31.5,0,-31.2,0,-16.7,1,-16.8,1,-16.8,1,-31.7,0,-31.7,0,-31.7,0,-31.8,0,-31.6,0,-16.8,1,-32.0,0,-31.8,0,-16.7,1,-31.8,0,-16.8,1,-31.8,0,-32.0,0,-32.1,0,-31.8,0,-16.7,1,-16.8,1,-31.6,0,-16.7,1,-16.7,1,-31.8,0,-31.7,0,-16.7,1,-31.8,0,-31.6,0,-16.7,1,-31.6,0,-16.7,1,-31.8,0,-31.8,0,-16.7,1,-31.9,0,-32.0,0,-31.9,0,-32.0,0,-32.1,0,-31.9,0,-16.7,1,-32.0,0,-32.0,0,-32.1,0,-32.2,0,-32.1,0,-31.9,0,-16.8,1,-16.7,1,-31.9,0,-16.7,1,-31.8,0,-31.8,0,-16.7,1,-16.7,1,-31.8,0,-31.1,0,-31.8,0,-31.7,0,-31.8,0,-31.8,0,-16.7,1,-16.7,1,-16.7,1,-31.9,0,-32.1,0,-32.2,0,-32.2,0,-16.7,1,-32.4,0,-16.7,1,-32.6,0,-32.8,0,-32.9,0,-32.8,0,-16.7,1,-32.8,0,-16.8,1,-33.0,0,-33.0,0,-16.7,1,-16.7,1,-33.3,0,-33.4,0,-33.3,0,-16.7,1,-16.7,1,-33.2,0,-16.8,1,-16.8,1
shb,0,preamp,18.0,0.0,-0.96,17.05,-31.3,0,-17.7,1,-31.3,0,-31.5,0,-31.4,0,-31.6,0,-31.3,0,-16.8,1,-31.7,0,-31.7,0,-31.8,0,-31.9,0,-31.7,0,-16.8,1,-31.7,0,-16.7,1,-32.0,0,-32.1,0,-32.0,0,-31.7,0,-16.8,1,-16.7,1,-31.8,0,-16.8,1,-32.1,0,-31.9,0,-31.9,0,-31.8,0,-16.7,1,-16.7,1,-32.0,0,-31.9,0,-31.9,0,-31.8,0,-16.7,1,-31.8,0,-32.0,0,-32.0,0,-32.0,0,-32.1,0,-32.0,0,-31.8,0,-16.8,1,-32.1,0,-32.0,0,-16.8,1,-31.9,0,-16.8,1,-16.7,1,-32.2,0,-32.0,0,-16.8,1,-32.0,0,-16.7,1,-16.7,1,-32.0,0,-16.8,1,-31.8,0,-16.8,1,-31.8,0,-16.7,1,-16.6,1,-31.8,0,-31.7,0,-16.7,1,-16.7,1,-16.7,1,-16.7,1,-31.9,0,-32.0,0,-32.2,0,-32.3,0,-32.4,0,-32.5,0,-16.7,1,-32.6,0,-16.7,1,-32.9,0,-32.9,0,-16.7,1,-32.8,0,-16.7,1,-32.9,0,-16.7,1,-16.7,1,-33.1,0,-33.2,0,-33.4,0,-33.3,0,-33.3,0,-33.3,0,-16.7,1,-33.1,0,-33.3,0,-16.7,1
shb,0,preamp,18.0,0.0,-1.28,16.73,-31.4,0,-31.4,0,-31.2,0,-17.1,1,-17.1,1,-17.1,1,-31.5,0,-31.6,0,-31.5,0,-17.2,1,-17.1,1,-31.8,0,-31.8,0,-31.6,0,-17.1,1,-31.9,0,-32.0,0,-31.8,0,-17.2,1,-31.6,0,-17.1,1,-31.8,0,-17.0,1,-32.0,0,-32.1,0,-31.9,0,-31.9,0,-32.0,0,-31.7,0,-17.1,1,-31.9,0,-31.7,0,-17.1,1,-32.0,0,-31.7,0,-17.1,1,-17.1,1,-17.1,1,-31.9,0,-32.1,0,-31.9,0,-17.2,1,-32.0,0,-32.0,0,-17.1,1,-17.1,1,-32.1,0,-32.1,0,-32.1,0,-17.1,1,-17.1,1,-17.1,1,-17.2,1,-31.9,0,-32.1,0,-32.1,0,-31.9,0,-31.9,0,-32.0,0,-31.8,0,-17.1,1,-17.0,1,-31.6,0,-17.1,1,-17.1,1,-31.8,0,-31.9,0,-32.0,0,-31.9,0,-17.0,1,-32.0,0,-32.3,0,-32.3,0,-32.5,0,-17.1,1,-32.6,0,-32.7,0,-17.1,1,-17.1,1,-32.7,0,-17.1,1,-32.9,0,-17.1,1,-32.9,0,-33.0,0,-33.0,0,-17.1,1,-33.2,0,-33.3,0,-33.2,0,-33.3,0,-33.2,0,-33.1,0,-17.2,1,-33.2,0
shb,0,preamp,18.0,0.0,-0.95,17.06,-31.3,0,-17.7,1,-31.2,0,-16.7,1,-31.2,0,-16.8,1,-16.7,1,-31.7,0,-31.8,0,-31.8,0,-31.5,0,-16.8,1,-16.7,1,-16.8,1,-32.1,0,-32.1,0,-32.1,0,-32.2,0,-32.1,0,-32.0,0,-32.1,0,-32.0,0,-16.8,1,-31.8,0,-16.7,1,-31.7,0,-16.7,1,-32.1,0,-32.0,0,-31.8,0,-16.7,1,-31.7,0,-16.8,1,-16.7,1,-16.7,1,-31.8,0,-32.1,0,-32.0,0,-32.0,0,-32.1,0,-32.1,0,-32.0,0,-32.1,0,-32.2,0,-32.1,0,-32.2,0,-32.0,0,-16.6,1,-32.2,0,-32.3,0,-32.1,0,-16.7,1,-32.0,0,-16.7,1,-16.7,1,-32.1,0,-32.0,0,-31.9,0,-16.8,1,-32.0,0,-31.9,0,-16.6,1,-31.8,0,-31.8,0,-16.7,1,-16.7,1,-16.7,1,-32.0,0,-32.1,0,-32.1,0,-32.2,0,-16.7,1,-32.4,0,-32.5,0,-16.8,1,-32.6,0,-16.7,1,-16.7,1,-33.0,0,-16.8,1,-16.7,1,-16.7,1,-32.9,0,-16.7,1,-33.1,0,-33.1,0,-33.2,0,-33.3,0,-33.4,0,-33.3,0,-33.3,0,-33.3,0,-16.7,1,-16.8,1,-33.3,0
shb,6,preamp,18.0,0.0,-2.49,15.53,-31.2,0,-31.0,0,-17.1,1,-31.2,0,-31.5,0,-31.5,0,-31.6,0,-31.7,0,-31.5,0,-17.0,1,-31.6,0,-31.8,0,-31.9,0,-31.9,0,-31.9,0,-17.1,1,-31.8,0,-17.1,1,-31.9,0,-17.1,1,-32.0,0,-32.2,0,-32.1,0,-17.0,1,-32.1,0,-32.0,0,-17.1,1,-32.1,0,-32.0,0,-17.0,1,-32.1,0,-31.9,0,-17.0,1,-31.8,0,-32.0,0,-32.1,0,-32.2,0,-32.2,0,-32.2,0,-32.1,0,-17.1,1,-32.1,0,-17.1,1,-32.2,0,-32.3,0,-32.2,0,-17.1,1,-32.2,0,-32.4,0,-32.3,0,-32.3,0,-32.4,0,-32.3,0,-17.1,1,-32.1,0,-32.2,0,-32.1,0,-32.1,0,-17.0,1,-31.9,0,-17.1,1,-32.0,0,-32.1,0,-32.1,0,-32.1,0,-32.1,0,-32.0,0,-17.1,1,-32.0,0,-32.2,0,-17.2,1,-17.0,1,-32.1,0,-32.3,0,-32.4,0,-32.5,0,-17.1,1,-32.4,0,-32.4,0,-32.4,0,-32.4,0,-32.4,0,-32.4,0,-32.6,0,-32.6,0,-32.5,0,-17.2,1,-32.8,0,-17.3,1,-17.2,1,-32.8,0,-32.8,0,-17.2,1,-32.6,0,-32.7,0
shb,6,preamp,18.0,0.0,-2.56,15.45,-30.7,0,-30.6,0,-30.7,0,-30.6,0,-17.1,1,-30.8,0,-30.7,0,-17.2,1,-17.1,1,-30.9,0,-31.0,0,-17.1,1,-31.1,0,-31.2,0,-17.1,1,-17.1,1,-31.4,0,-31.6,0,-31.3,0,-17.1,1,-31.4,0,-31.6,0,-31.4,0,-17.1,1,-17.2,1,-31.5,0,-31.6,0,-31.6,0,-31.5,0,-31.6,0,-31.4,0,-17.2,1,-31.3,0,-31.2,0,-17.1,1,-17.2,1,-31.5,0,-31.6,0,-31.5,0,-17.2,1,-31.4,0,-17.1,1,-31.6,0,-31.7,0,-31.8,0,-31.7,0,-17.2,1,-17.2,1,-31.6,0,-31.8,0,-31.7,0,-17.1,1,-31.5,0,-31.7,0,-31.7,0,-31.5,0,-17.2,1,-31.1,0,-31.5,0,-31.4,0,-31.4,0,-31.5,0,-31.5,0,-31.5,0,-31.5,0,-31.5,0,-31.5,0,-31.4,0,-17.1,1,-31.4,0,-31.7,0,-31.7,0,-31.7,0,-31.7,0,-31.8,0,-31.9,0,-31.9,0,-17.3,1,-31.7,0,-31.8,0,-17.2,1,-31.7,0,-31.8,0,-17.2,1,-31.7,0,-31.9,0,-32.0,0,-32.1,0,-32.1,0,-32.0,0,-32.1,0,-32.0,0,-32.1,0,-31.9,0,-17.3,1
shb,6,preamp,18.0,0.0,-2.63,15.39,-31.2,0,-31.2,0,-31.1,0,-17.1,1,-31.2,0,-17.3,1,-31.5,0,-31.7,0,-31.7,0,-31.7,0,-31.8,0,-31.7,0,-17.3,1,-17.2,1,-17.2,1,-32.0,0,-31.9,0,-17.2,1,-32.1,0,-32.2,0,-32.2,0,-32.2,0,-32.2,0,-32.0,0,-17.3,1,-32.1,0,-32.1,0,-17.2,1,-32.0,0,-32.1,0,-32.1,0,-32.0,0,-17.2,1,-31.9,0,-32.1,0,-32.1,0,-32.0,0,-17.3,1,-32.1,0,-32.2,0,-17.2,1,-32.1,0,-32.3,0,-32.3,0,-32.3,0,-32.3,0,-32.3,0,-32.3,0,-17.3,1,-17.2,1,-32.2,0,-17.2,1,-32.2,0,-32.3,0,-32.3,0,-32.1,0,-17.3,1,-31.9,0,-32.1,0,-32.0,0,-32.0,0,-17.3,1,-32.1,0,-32.1,0,-32.1,0,-32.2,0,-32.0,0,-17.3,1,-32.0,0,-32.2,0,-32.2,0,-32.3,0,-32.2,0,-17.3,1,-32.3,0,-32.6,0,-32.5,0,-17.2,1,-32.3,0,-32.4,0,-17.4,1,-17.3,1,-32.3,0,-32.6,0,-32.5,0,-32.5,0,-32.6,0,-32.8,0,-32.8,0,-32.7,0,-17.4,1,-32.8,0,-32.7,0,-17.4,1,-32.6,0
shb,6,preamp,18.0,0.0,-2.68,15.32,-31.2,0,-31.1,0,-31.2,0,-31.3,0,-31.3,0,-17.3,1,-31.4,0,-31.5,0,-17.3,1,-31.6,0,-31.7,0,-31.7,0,-17.3,1,-31.7,0,-17.4,1,-17.3,1,-17.3,1,-17.2,1,-31.9,0,-17.3,1,-17.4,1,-17.3,1,-32.1,0,-32.1,0,-32.1,0,-32.1,0,-32.1,0,-32.1,0,-32.0,0,-32.1,0,-32.0,0,-32.0,0,-31.9,0,-31.9,0,-32.0,0,-32.0,0,-32.0,0,-32.1,0,-32.1,0,-32.2,0,-32.1,0,-32.2,0,-32.2,0,-32.2,0,-32.2,0,-32.2,0,-32.2,0,-32.2,0,-32.2,0,-32.2,0,-32.3,0,-32.3,0,-32.2,0,-32.1,0,-17.4,1,-32.0,0,-32.0,0,-17.4,1,-31.9,0,-31.9,0,-17.4,1,-31.8,0,-32.0,0,-32.1,0,-32.0,0,-17.4,1,-31.9,0,-32.0,0,-32.1,0,-32.1,0,-17.4,1,-32.1,0,-17.4,1,-32.1,0,-17.4,1,-17.4,1,-17.4,1,-32.3,0,-32.4,0,-32.4,0,-32.5,0,-17.4,1,-32.3,0,-17.4,1,-32.5,0,-32.5,0,-32.6,0,-17.4,1,-32.6,0,-32.7,0,-32.7,0,-32.6,0,-17.4,1,-32.4,0,-32.6,0
shb,6,preamp,18.0,0.0,-2.64,15.39,-31.3,0,-31.2,0,-31.2,0,-31.4,0,-31.3,0,-17.2,1,-17.2,1,-17.2,1,-31.4,0,-17.2,1,-31.7,0,-31.8,0,-31.9,0,-32.0,0,-31.9,0,-17.2,1,-32.0,0,-32.2,0,-32.1,0,-32.0,0,-17.3,1,-32.1,0,-32.2,0,-32.2,0,-32.2,0,-32.0,0,-17.3,1,-31.9,0,-17.3,1,-32.1,0,-32.1,0,-32.1,0,-31.8,0,-17.2,1,-31.9,0,-32.1,0,-32.1,0,-32.1,0,-32.2,0,-32.2,0,-32.2,0,-32.2,0,-32.2,0,-32.1,0,-17.3,1,-32.2,0,-32.3,0,-32.3,0,-32.3,0,-32.3,0,-32.4,0,-32.3,0,-32.3,0,-32.3,0,-32.2,0,-17.3,1,-31.9,0,-17.3,1,-17.2,1,-17.2,1,-32.0,0,-32.0,0,-17.4,1,-32.0,0,-32.1,0,-17.2,1,-32.0,0,-32.1,0,-32.2,0,-32.2,0,-32.2,0,-32.3,0,-32.3,0,-32.4,0,-32.3,0,-17.3,1,-32.3,0,-17.3,1,-17.4,1,-32.3,0,-32.4,0,-32.4,0,-32.4,0,-32.5,0,-32.5,0,-32.5,0,-17.4,1,-32.8,0,-32.7,0,-17.4,1,-32.7,0,-32.8,0,-17.3,1,-17.4,1,-32.6,0
shb,6,preamp,18.0,0.0,-1.25,16.75,-31.2,0,-31.1,0,-31.1,0,-17.1,1,-31.2,0,-17.2,1,-31.4,0,-31.6,0,-31.7,0,-31.7,0,-31.7,0,-31.9,0,-31.9,0,-31.9,0,-32.0,0,-32.1,0,-31.9,0,-17.1,1,-32.0,0,-32.0,0,-17.1,1,-17.1,1,-32.0,0,-17.2,1,-31.9,0,-17.1,1,-17.1,1,-17.2,1,-32.0,0,-17.1,1,-31.9,0,-17.2,1,-31.9,0,-32.0,0,-32.1,0,-32.1,0,-32.2,0,-32.2,0,-32.2,0,-32.3,0,-32.2,0,-32.1,0,-17.1,1,-17.1,1,-32.2,0,-17.1,1,-17.1,1,-32.1,0,-32.3,0,-32.2,0,-32.3,0,-32.4,0,-32.3,0,-32.3,0,-32.3,0,-32.2,0,-32.1,0,-17.2,1,-17.2,1,-32.0,0,-32.0,0,-17.2,1,-32.0,0,-17.2,1,-31.9,0,-17.2,1,-17.2,1,-17.1,1,-32.0,0,-17.2,1,-32.1,0,-32.4,0,-32.3,0,-32.4,0,-32.5,0,-32.5,0,-17.1,1,-17.2,1,-17.1,1,-17.1,1,-32.5,0,-32.5,0,-17.3,1,-32.5,0,-32.7,0,-32.7,0,-17.4,1,-32.9,0,-17.3,1,-32.8,0,-33.0,0,-32.9,0,-17.5,1,-17.4,1,-17.3,1
shb,6,preamp,18.0,0.0,-1.42,16.59,-31.2,0,-31.1,0,-31.2,0,-31.3,0,-31.3,0,-17.3,1,-17.3,1,-17.3,1,-31.5,0,-31.6,0,-31.7,0,-31.8,0,-31.7,0,-17.3,1,-31.8,0,-31.9,0,-17.3,1,-31.8,0,-17.3,1,-32.0,0,-32.1,0,-32.1,0,-32.0,0,-17.3,1,-17.3,1,-31.9,0,-17.3,1,-17.3,1,-32.0,0,-32.0,0,-17.3,1,-32.0,0,-31.8,0,-17.3,1,-31.8,0,-17.3,1,-32.0,0,-32.0,0,-17.3,1,-32.2,0,-32.2,0,-32.2,0,-32.3,0,-32.2,0,-32.2,0,-17.4,1,-32.2,0,-32.2,0,-32.2,0,-32.2,0,-32.3,0,-32.3,0,-17.4,1,-17.4,1,-32.0,0,-17.3,1,-32.0,0,-32.0,0,-17.3,1,-17.4,1,-31.9,0,-32.1,0,-32.1,0,-32.1,0,-32.1,0,-32.1,0,-17.3,1,-17.3,1,-17.4,1,-32.0,0,-32.3,0,-32.3,0,-32.2,0,-17.4,1,-32.2,0,-17.4,1,-32.4,0,-32.5,0,-32.5,0,-32.4,0,-17.5,1,-32.4,0,-17.4,1,-32.6,0,-32.6,0,-17.5,1,-17.4,1,-32.9,0,-33.0,0,-32.9,0,-17.4,1,-17.5,1,-32.8,0,-17.5,1,-17.5,1
shb,6,preamp,18.0,0.0,-1.51,16.52,-31.1,0,-17.6,1,-31.0,0,-31.3,0,-31.4,0,-31.5,0,-31.3,0,-17.4,1,-31.5,0,-31.6,0,-31.7,0,-31.8,0,-31.6,0,-17.4,1,-31.7,0,-17.3,1,-31.9,0,-32.1,0,-32.0,0,-31.9,0,-17.4,1,-17.4,1,-31.9,0,-17.5,1,-32.0,0,-32.1,0,-32.2,0,-32.0,0,-17.4,1,-17.4,1,-32.0,0,-32.0,0,-32.0,0,-31.8,0,-17.4,1,-32.0,0,-32.1,0,-32.1,0,-32.2,0,-32.2,0,-32.2,0,-32.1,0,-17.4,1,-32.1,0,-32.2,0,-17.5,1,-32.1,0,-17.4,1,-17.5,1,-32.2,0,-32.3,0,-17.5,1,-32.1,0,-17.5,1,-17.5,1,-32.0,0,-17.4,1,-31.9,0,-17.5,1,-31.8,0,-17.5,1,-17.4,1,-32.0,0,-32.1,0,-17.5,1,-17.5,1,-17.4,1,-17.4,1,-32.0,0,-32.1,0,-32.2,0,-32.3,0,-32.3,0,-32.3,0,-17.5,1,-32.4,0,-17.4,1,-32.4,0,-32.5,0,-17.5,1,-32.4,0,-17.6,1,-32.4,0,-17.5,1,-17.5,1,-32.5,0,-32.7,0,-32.8,0,-32.8,0,-32.8,0,-32.8,0,-17.4,1,-32.6,0,-32.6,0,-17.5,1
shb,6,preamp,18.0,0.0,-1.28,16.75,-31.3,0,-31.2,0,-31.2,0,-17.2,1,-17.2,1,-17.1,1,-31.5,0,-31.7,0,-31.6,0,-17.1,1,-17.1,1,-31.9,0,-32.0,0,-31.9,0,-17.1,1,-32.1,0,-32.2,0,-32.1,0,-17.0,1,-32.0,0,-17.2,1,-32.0,0,-17.2,1,-32.2,0,-32.3,0,-32.3,0,-32.3,0,-32.3,0,-32.1,0,-17.1,1,-32.2,0,-32.1,0,-17.2,1,-32.0,0,-32.1,0,-17.1,1,-17.1,1,-17.2,1,-32.3,0,-32.4,0,-32.2,0,-17.1,1,-32.3,0,-32.3,0,-17.2,1,-17.2,1,-32.4,0,-32.4,0,-32.4,0,-17.2,1,-17.2,1,-17.2,1,-17.1,1,-32.3,0,-32.4,0,-32.4,0,-32.3,0,-32.2,0,-32.3,0,-32.2,0,-17.2,1,-17.3,1,-32.1,0,-17.2,1,-17.1,1,-32.0,0,-32.3,0,-32.2,0,-32.2,0,-17.2,1,-32.2,0,-32.5,0,-32.5,0,-32.5,0,-17.2,1,-32.6,0,-32.6,0,-17.3,1,-17.3,1,-32.6,0,-17.3,1,-32.6,0,-17.2,1,-32.7,0,-32.8,0,-32.8,0,-17.3,1,-32.9,0,-33.1,0,-32.9,0,-32.9,0,-32.9,0,-32.9,0,-17.3,1,-32.7,0
shb,6,preamp,18.0,0.0,-1.28,16.75,-31.2,0,-17.2,1,-31.0,0,-17.2,1,-31.2,0,-17.2,1,-17.1,1,-31.5,0,-31.7,0,-31.7,0,-31.7,0,-17.0,1,-17.1,1,-17.1,1,-32.0,0,-32.1,0,-32.2,0,-32.2,0,-32.2,0,-32.2,0,-32.2,0,-32.1,0,-17.1,1,-31.9,0,-17.1,1,-32.0,0,-17.2,1,-32.1,0,-32.2,0,-32.1,0,-17.2,1,-31.9,0,-17.1,1,-17.1,1,-17.1,1,-32.1,0,-32.2,0,-32.2,0,-32.3,0,-32.4,0,-32.3,0,-32.3,0,-32.3,0,-32.3,0,-32.4,0,-32.4,0,-32.3,0,-17.2,1,-32.2,0,-32.4,0,-32.4,0,-17.1,1,-32.2,0,-17.2,1,-17.2,1,-32.1,0,-32.2,0,-32.2,0,-17.1,1,-32.1,0,-32.1,0,-17.2,1,-32.1,0,-32.2,0,-17.2,1,-17.2,1,-17.2,1,-32.1,0,-32.2,0,-32.3,0,-32.3,0,-17.2,1,-32.3,0,-32.4,0,-17.1,1,-32.5,0,-17.2,1,-17.3,1,-32.5,0,-17.3,1,-17.2,1,-17.2,1,-32.5,0,-17.3,1,-32.6,0,-32.7,0,-32.9,0,-33.0,0,-32.9,0,-32.9,0,-32.9,0,-32.9,0,-17.4,1,-17.4,1,-32.8,0
shb,1,preamp,18.0,0.0,-1.67,16.33,-30.7,0,-30.5,0,-16.3,1,-30.6,0,-30.9,0,-30.8,0,-30.9,0,-31.1,0,-30.9,0,-16.3,1,-30.9,0,-31.2,0,-31.2,0,-31.2,0,-31.1,0,-16.4,1,-31.0,0,-16.4,1,-31.0,0,-16.4,1,-31.2,0,-31.4,0,-31.3,0,-16.4,1,-31.1,0,-31.2,0,-16.3,1,-31.1,0,-31.2,0,-16.2,1,-31.1,0,-31.1,0,-16.3,1,-31.1,0,-31.2,0,-31.3,0,-31.3,0,-31.4,0,-31.3,0,-31.3,0,-16.4,1,-31.3,0,-16.3,1,-31.5,0,-31.6,0,-31.5,0,-16.3,1,-31.5,0,-31.6,0,-31.6,0,-31.6,0,-31.6,0,-31.6,0,-16.3,1,-31.4,0,-31.5,0,-31.5,0,-31.4,0,-16.3,1,-31.2,0,-16.3,1,-30.8,0,-31.3,0,-31.3,0,-31.3,0,-31.3,0,-31.3,0,-16.3,1,-31.3,0,-31.5,0,-16.4,1,-16.3,1,-31.6,0,-31.7,0,-31.7,0,-31.8,0,-16.2,1,-31.8,0,-31.9,0,-32.1,0,-32.1,0,-32.1,0,-32.1,0,-32.2,0,-32.2,0,-32.3,0,-16.4,1,-32.4,0,-16.4,1,-16.4,1,-32.4,0,-32.4,0,-16.4,1,-32.3,0,-32.4,0
shb,1,preamp,18.0,0.0,-2.02,16.01,-30.0,0,-29.9,0,-30.0,0,-30.0,0,-16.7,1,-29.7,0,-29.9,0,-16.7,1,-16.7,1,-30.0,0,-30.2,0,-16.7,1,-30.1,0,-30.3,0,-16.7,1,-16.8,1,-30.3,0,-30.7,0,-30.4,0,-16.7,1,-30.3,0,-30.7,0,-30.5,0,-16.7,1,-16.7,1,-30.3,0,-30.6,0,-30.5,0,-30.5,0,-30.5,0,-30.4,0,-16.7,1,-30.2,0,-30.4,0,-16.7,1,-16.7,1,-30.4,0,-30.7,0,-30.5,0,-16.8,1,-30.5,0,-16.7,1,-30.6,0,-30.9,0,-30.9,0,-30.7,0,-16.7,1,-16.7,1,-30.7,0,-30.9,0,-30.8,0,-16.7,1,-30.6,0,-30.9,0,-30.9,0,-30.7,0,-16.7,1,-30.4,0,-30.7,0,-30.6,0,-30.6,0,-30.5,0,-30.6,0,-30.6,0,-30.6,0,-30.6,0,-30.6,0,-30.5,0,-16.7,1,-30.5,0,-30.8,0,-30.9,0,-31.0,0,-31.0,0,-31.1,0,-31.2,0,-31.1,0,-16.7,1,-31.1,0,-31.4,0,-16.8,1,-31.2,0,-31.4,0,-16.7,1,-31.2,0,-31.5,0,-31.6,0,-31.7,0,-31.5,0,-31.6,0,-31.6,0,-31.6,0,-31.5,0,-31.5,0,-16.7,1
shb,1,preamp,18.0,0.0,-1.7,16.31,-30.8,0,-30.7,0,-30.6,0,-16.3,1,-30.5,0,-16.4,1,-30.7,0,-31.1,0,-31.2,0,-31.1,0,-31.2,0,-31.1,0,-16.3,1,-16.3,1,-16.3,1,-31.1,0,-31.3,0,-16.4,1,-31.1,0,-31.3,0,-31.4,0,-31.5,0,-31.5,0,-31.3,0,-16.3,1,-31.1,0,-31.2,0,-16.4,1,-31.2,0,-31.3,0,-31.3,0,-31.2,0,-16.3,1,-31.1,0,-31.2,0,-31.4,0,-31.3,0,-16.3,1,-31.3,0,-31.3,0,-16.3,1,-31.4,0,-31.5,0,-31.6,0,-31.6,0,-31.6,0,-31.7,0,-31.6,0,-16.3,1,-16.4,1,-31.5,0,-16.4,1,-31.6,0,-31.7,0,-31.6,0,-31.6,0,-16.3,1,-31.3,0,-31.4,0,-31.4,0,-31.3,0,-16.2,1,-31.2,0,-31.3,0,-31.3,0,-31.3,0,-31.3,0,-16.3,1,-31.3,0,-31.5,0,-31.6,0,-31.7,0,-31.7,0,-16.3,1,-31.6,0,-31.9,0,-31.9,0,-16.3,1,-32.0,0,-32.2,0,-16.4,1,-16.4,1,-32.1,0,-32.2,0,-32.2,0,-32.3,0,-32.4,0,-32.5,0,-32.3,0,-32.4,0,-16.3,1,-32.2,0,-32.3,0,-16.4,1,-32.2,0
shb,1,preamp,18.0,0.0,-1.7,16.31,-30.7,0,-30.6,0,-30.7,0,-30.8,0,-30.6,0,-16.4,1,-30.6,0,-30.9,0,-16.4,1,-30.8,0,-31.1,0,-31.0,0,-16.4,1,-30.8,0,-16.4,1,-16.3,1,-16.4,1,-16.4,1,-31.0,0,-16.4,1,-16.3,1,-16.3,1,-31.2,0,-31.4,0,-31.3,0,-31.2,0,-31.3,0,-31.2,0,-31.2,0,-31.2,0,-31.2,0,-31.2,0,-31.1,0,-31.2,0,-31.2,0,-31.3,0,-31.3,0,-31.3,0,-31.3,0,-31.4,0,-31.4,0,-31.4,0,-31.5,0,-31.5,0,-31.5,0,-31.5,0,-31.6,0,-31.6,0,-31.6,0,-31.5,0,-31.6,0,-31.6,0,-31.6,0,-31.5,0,-16.3,1,-31.4,0,-31.4,0,-16.3,1,-31.2,0,-31.3,0,-16.3,1,-30.7,0,-31.3,0,-31.3,0,-31.2,0,-16.3,1,-31.2,0,-31.3,0,-31.4,0,-31.5,0,-16.4,1,-31.5,0,-16.3,1,-31.5,0,-16.3,1,-16.4,1,-16.4,1,-31.9,0,-32.0,0,-32.1,0,-32.1,0,-16.4,1,-32.1,0,-16.3,1,-32.1,0,-32.2,0,-32.3,0,-16.4,1,-32.1,0,-32.3,0,-32.2,0,-32.3,0,-16.4,1,-32.1,0,-32.2,0
shb,1,preamp,18.0,0.0,-1.78,16.24,-30.7,0,-30.6,0,-30.7,0,-30.8,0,-30.6,0,-16.5,1,-16.4,1,-16.4,1,-30.7,0,-16.4,1,-31.0,0,-31.2,0,-31.2,0,-31.2,0,-31.1,0,-16.5,1,-31.1,0,-31.4,0,-31.2,0,-31.1,0,-16.5,1,-31.3,0,-31.4,0,-31.4,0,-31.3,0,-31.1,0,-16.5,1,-31.0,0,-16.4,1,-31.0,0,-31.2,0,-31.2,0,-31.0,0,-16.4,1,-31.1,0,-31.3,0,-31.3,0,-31.3,0,-31.3,0,-31.3,0,-31.4,0,-31.4,0,-31.5,0,-31.5,0,-16.4,1,-31.4,0,-31.6,0,-31.6,0,-31.5,0,-31.5,0,-31.6,0,-31.5,0,-31.6,0,-31.6,0,-31.5,0,-16.5,1,-31.3,0,-16.4,1,-16.3,1,-16.4,1,-31.2,0,-30.8,0,-16.4,1,-31.1,0,-31.3,0,-16.5,1,-31.2,0,-31.4,0,-31.4,0,-31.4,0,-31.5,0,-31.6,0,-31.7,0,-31.7,0,-31.7,0,-16.4,1,-31.6,0,-16.4,1,-16.4,1,-32.0,0,-32.0,0,-32.1,0,-32.1,0,-32.1,0,-32.1,0,-32.3,0,-16.4,1,-32.3,0,-32.3,0,-16.4,1,-32.2,0,-32.4,0,-16.5,1,-16.5,1,-32.2,0
shb,1,preamp,18.0,0.0,-0.22,17.8,-30.8,0,-30.7,0,-30.7,0,-16.2,1,-30.5,0,-16.1,1,-30.7,0,-31.1,0,-31.1,0,-31.1,0,-31.2,0,-31.2,0,-31.2,0,-31.3,0,-31.2,0,-31.2,0,-31.3,0,-16.1,1,-31.1,0,-31.2,0,-16.2,1,-16.2,1,-31.2,0,-16.2,1,-31.1,0,-16.2,1,-16.1,1,-16.2,1,-31.1,0,-16.2,1,-31.0,0,-16.1,1,-31.1,0,-31.3,0,-31.3,0,-31.3,0,-31.4,0,-31.4,0,-31.4,0,-31.4,0,-31.5,0,-31.4,0,-16.1,1,-16.2,1,-31.4,0,-16.2,1,-16.2,1,-31.6,0,-31.6,0,-31.6,0,-31.7,0,-31.7,0,-31.7,0,-31.7,0,-31.6,0,-31.6,0,-31.5,0,-16.1,1,-16.1,1,-31.3,0,-31.4,0,-16.2,1,-31.3,0,-16.1,1,-31.1,0,-16.1,1,-16.1,1,-16.1,1,-31.3,0,-16.2,1,-31.5,0,-31.7,0,-31.8,0,-31.7,0,-31.8,0,-31.9,0,-16.1,1,-16.1,1,-16.1,1,-16.1,1,-32.1,0,-32.2,0,-16.2,1,-32.2,0,-32.3,0,-32.3,0,-16.2,1,-32.4,0,-16.2,1,-32.3,0,-32.5,0,-32.4,0,-16.2,1,-16.2,1,-16.2,1
shb,1,preamp,18.0,0.0,-0.19,17.82,-30.8,0,-30.7,0,-30.8,0,-30.9,0,-30.7,0,-16.1,1,-16.1,1,-16.1,1,-31.0,0,-31.2,0,-31.2,0,-31.2,0,-31.1,0,-16.1,1,-31.1,0,-31.1,0,-16.1,1,-31.2,0,-16.2,1,-31.2,0,-31.4,0,-31.5,0,-31.3,0,-16.1,1,-16.2,1,-31.1,0,-16.2,1,-16.1,1,-31.2,0,-31.2,0,-16.1,1,-31.2,0,-31.1,0,-16.1,1,-31.1,0,-16.1,1,-31.3,0,-31.3,0,-16.2,1,-31.4,0,-31.5,0,-31.5,0,-31.6,0,-31.6,0,-31.5,0,-16.2,1,-31.6,0,-31.7,0,-31.7,0,-31.6,0,-31.7,0,-31.6,0,-16.1,1,-16.2,1,-31.5,0,-16.2,1,-31.4,0,-31.5,0,-16.1,1,-16.1,1,-31.3,0,-31.1,0,-31.4,0,-31.4,0,-31.4,0,-31.3,0,-16.1,1,-16.1,1,-16.1,1,-31.4,0,-31.6,0,-31.7,0,-31.7,0,-16.2,1,-31.7,0,-16.1,1,-31.8,0,-32.1,0,-32.1,0,-32.2,0,-16.1,1,-32.1,0,-16.1,1,-32.2,0,-32.3,0,-16.1,1,-16.1,1,-32.5,0,-32.5,0,-32.5,0,-16.2,1,-16.1,1,-32.4,0,-16.1,1,-16.1,1
shb,1,preamp,18.0,0.0,-0.23,17.78,-30.7,0,-16.9,1,-30.6,0,-30.9,0,-30.8,0,-30.8,0,-30.7,0,-16.2,1,-30.9,0,-31.1,0,-31.2,0,-31.2,0,-31.1,0,-16.2,1,-30.9,0,-16.2,1,-31.2,0,-31.5,0,-31.3,0,-31.2,0,-16.2,1,-16.2,1,-31.2,0,-16.2,1,-31.2,0,-31.3,0,-31.3,0,-31.2,0,-16.2,1,-16.2,1,-31.1,0,-31.3,0,-31.2,0,-31.2,0,-16.1,1,-31.3,0,-31.4,0,-31.4,0,-31.4,0,-31.4,0,-31.5,0,-31.5,0,-16.2,1,-31.5,0,-31.6,0,-16.2,1,-31.5,0,-16.1,1,-16.2,1,-31.6,0,-31.6,0,-16.1,1,-31.5,0,-16.1,1,-16.2,1,-31.4,0,-16.2,1,-31.4,0,-16.1,1,-31.2,0,-16.1,1,-16.1,1,-31.3,0,-31.4,0,-16.2,1,-16.2,1,-16.1,1,-16.0,1,-31.4,0,-31.6,0,-31.6,0,-31.7,0,-31.8,0,-31.7,0,-16.1,1,-31.8,0,-16.2,1,-32.0,0,-32.1,0,-16.2,1,-32.2,0,-16.1,1,-32.2,0,-16.1,1,-16.1,1,-32.2,0,-32.4,0,-32.5,0,-32.4,0,-32.5,0,-32.4,0,-16.1,1,-32.2,0,-32.4,0,-16.1,1
shb,1,preamp,18.0,0.0,-0.56,17.45,-30.7,0,-30.6,0,-30.5,0,-16.5,1,-16.5,1,-16.5,1,-30.7,0,-31.0,0,-30.9,0,-16.5,1,-16.5,1,-31.0,0,-31.1,0,-31.0,0,-16.5,1,-31.0,0,-31.3,0,-31.2,0,-16.6,1,-30.9,0,-16.5,1,-31.1,0,-16.6,1,-31.3,0,-31.3,0,-31.2,0,-31.2,0,-31.2,0,-31.1,0,-16.5,1,-31.1,0,-31.1,0,-16.5,1,-31.1,0,-31.1,0,-16.5,1,-16.6,1,-16.5,1,-31.2,0,-31.4,0,-31.4,0,-16.6,1,-31.5,0,-31.5,0,-16.5,1,-16.5,1,-31.5,0,-31.6,0,-31.6,0,-16.5,1,-16.5,1,-16.5,1,-16.6,1,-31.5,0,-31.6,0,-31.5,0,-31.5,0,-31.5,0,-31.4,0,-31.3,0,-16.6,1,-16.5,1,-31.2,0,-16.5,1,-16.5,1,-31.1,0,-31.3,0,-31.4,0,-31.4,0,-16.5,1,-31.4,0,-31.7,0,-31.7,0,-31.7,0,-16.5,1,-31.7,0,-31.9,0,-16.4,1,-16.4,1,-32.0,0,-16.5,1,-32.1,0,-16.6,1,-32.1,0,-32.3,0,-32.2,0,-16.6,1,-32.3,0,-32.3,0,-32.3,0,-32.3,0,-32.3,0,-32.2,0,-16.6,1,-32.1,0
shb,1,preamp,18.0,0.0,-0.24,17.77,-30.7,0,-16.9,1,-30.6,0,-16.1,1,-30.6,0,-16.1,1,-16.1,1,-31.0,0,-31.2,0,-31.2,0,-31.0,0,-16.1,1,-16.1,1,-16.1,1,-31.1,0,-31.3,0,-31.5,0,-31.5,0,-31.4,0,-31.4,0,-31.4,0,-31.4,0,-16.2,1,-31.2,0,-16.1,1,-31.2,0,-16.2,1,-31.3,0,-31.4,0,-31.3,0,-16.1,1,-31.1,0,-16.1,1,-16.1,1,-16.1,1,-31.3,0,-31.4,0,-31.4,0,-31.4,0,-31.5,0,-31.5,0,-31.6,0,-31.6,0,-31.7,0,-31.7,0,-31.7,0,-31.7,0,-16.1,1,-31.6,0,-31.7,0,-31.7,0,-16.1,1,-31.6,0,-16.1,1,-16.2,1,-31.5,0,-31.7,0,-31.6,0,-16.1,1,-31.3,0,-31.4,0,-16.2,1,-31.3,0,-31.4,0,-16.2,1,-16.2,1,-16.1,1,-31.4,0,-31.6,0,-31.6,0,-31.7,0,-16.1,1,-31.7,0,-31.8,0,-16.1,1,-31.9,0,-16.1,1,-16.2,1,-32.2,0,-16.2,1,-16.1,1,-16.2,1,-32.2,0,-16.1,1,-32.2,0,-32.4,0,-32.5,0,-32.5,0,-32.4,0,-32.4,0,-32.5,0,-32.4,0,-16.1,1,-16.2,1,-32.3,0
shb,7,preamp,18.0,0.0,-1.08,16.95,-31.6,0,-31.5,0,-15.4,1,-31.7,0,-31.9,0,-31.8,0,-32.0,0,-32.0,0,-31.9,0,-15.5,1,-32.1,0,-32.1,0,-32.1,0,-32.1,0,-32.1,0,-15.5,1,-32.1,0,-15.5,1,-32.1,0,-15.4,1,-32.2,0,-32.3,0,-32.1,0,-15.5,1,-32.2,0,-32.1,0,-15.5,1,-32.2,0,-32.0,0,-15.5,1,-32.1,0,-32.0,0,-15.5,1,-32.0,0,-32.1,0,-32.2,0,-32.2,0,-32.2,0,-32.2,0,-32.2,0,-15.5,1,-32.2,0,-15.4,1,-32.2,0,-32.3,0,-32.2,0,-15.4,1,-32.3,0,-32.3,0,-32.3,0,-32.3,0,-32.3,0,-32.1,0,-15.4,1,-32.1,0,-32.2,0,-32.1,0,-32.0,0,-15.3,1,-31.9,0,-15.5,1,-32.0,0,-32.0,0,-32.0,0,-31.9,0,-32.0,0,-32.0,0,-15.4,1,-32.0,0,-32.2,0,-15.4,1,-15.5,1,-32.6,0,-32.6,0,-32.7,0,-32.8,0,-15.3,1,-32.8,0,-32.9,0,-32.9,0,-32.9,0,-32.9,0,-32.9,0,-32.9,0,-33.0,0,-33.0,0,-15.5,1,-33.1,0,-15.4,1,-15.5,1,-33.2,0,-33.0,0,-15.5,1,-33.0,0,-33.0,0
shb,7,preamp,18.0,0.0,-1.45,16.57,-30.8,0,-30.9,0,-30.9,0,-30.8,0,-15.8,1,-30.9,0,-30.9,0,-15.9,1,-15.9,1,-31.0,0,-31.0,0,-15.8,1,-31.1,0,-31.1,0,-15.8,1,-15.8,1,-31.3,0,-31.5,0,-31.2,0,-15.9,1,-31.3,0,-31.5,0,-31.3,0,-15.8,1,-15.9,1,-31.3,0,-31.4,0,-31.3,0,-31.4,0,-31.4,0,-31.2,0,-16.0,1,-31.2,0,-31.1,0,-15.8,1,-15.9,1,-31.2,0,-31.4,0,-31.2,0,-15.9,1,-31.1,0,-15.8,1,-31.3,0,-31.5,0,-31.6,0,-31.4,0,-15.8,1,-15.9,1,-31.4,0,-31.5,0,-31.3,0,-15.7,1,-31.3,0,-31.5,0,-31.4,0,-31.2,0,-15.9,1,-31.1,0,-31.2,0,-31.2,0,-31.2,0,-31.2,0,-31.1,0,-31.1,0,-31.1,0,-31.1,0,-31.2,0,-31.0,0,-15.8,1,-31.3,0,-31.5,0,-31.7,0,-31.8,0,-31.8,0,-31.8,0,-32.0,0,-31.9,0,-15.9,1,-32.0,0,-32.0,0,-15.8,1,-32.0,0,-32.0,0,-15.8,1,-32.0,0,-32.2,0,-32.2,0,-32.2,0,-32.2,0,-32.0,0,-32.2,0,-32.1,0,-32.1,0,-31.9,0,-15.8,1
shb,7,preamp,18.0,0.0,-1.08,16.93,-31.6,0,-31.6,0,-31.6,0,-15.4,1,-31.7,0,-15.5,1,-31.9,0,-32.0,0,-32.1,0,-32.1,0,-32.1,0,-32.0,0,-15.5,1,-15.4,1,-15.4,1,-32.1,0,-32.1,0,-15.5,1,-32.2,0,-32.2,0,-32.3,0,-32.3,0,-32.3,0,-32.2,0,-15.5,1,-32.2,0,-32.1,0,-15.5,1,-32.1,0,-32.2,0,-32.2,0,-32.0,0,-15.4,1,-32.0,0,-32.1,0,-32.2,0,-32.1,0,-15.3,1,-32.2,0,-32.2,0,-15.5,1,-32.2,0,-32.3,0,-32.3,0,-32.3,0,-32.3,0,-32.3,0,-32.3,0,-15.4,1,-15.4,1,-32.1,0,-15.5,1,-32.2,0,-32.3,0,-32.2,0,-32.1,0,-15.5,1,-32.0,0,-32.0,0,-32.1,0,-31.9,0,-15.4,1,-31.9,0,-31.9,0,-31.9,0,-31.9,0,-31.9,0,-15.4,1,-32.1,0,-32.2,0,-32.3,0,-32.5,0,-32.5,0,-15.4,1,-32.7,0,-32.8,0,-32.7,0,-15.4,1,-33.0,0,-32.9,0,-15.5,1,-15.5,1,-32.9,0,-32.9,0,-32.9,0,-32.9,0,-32.9,0,-33.0,0,-33.0,0,-32.9,0,-15.4,1,-33.0,0,-32.9,0,-15.5,1,-32.9,0
shb,7,preamp,18.0,0.0,-1.24,16.79,-31.5,0,-31.6,0,-31.7,0,-31.7,0,-31.7,0,-15.7,1,-31.8,0,-31.8,0,-15.6,1,-31.8,0,-32.0,0,-31.9,0,-15.6,1,-31.8,0,-15.5,1,-15.6,1,-15.7,1,-15.7,1,-32.0,0,-15.6,1,-15.7,1,-15.6,1,-32.1,0,-32.2,0,-32.1,0,-32.1,0,-32.1,0,-32.0,0,-32.1,0,-32.0,0,-32.0,0,-32.0,0,-31.9,0,-32.0,0,-31.9,0,-32.0,0,-32.0,0,-32.0,0,-32.0,0,-32.1,0,-32.0,0,-32.1,0,-32.1,0,-32.1,0,-32.2,0,-32.2,0,-32.2,0,-32.2,0,-32.2,0,-32.2,0,-32.1,0,-32.1,0,-32.1,0,-32.0,0,-15.6,1,-32.0,0,-31.9,0,-15.7,1,-31.8,0,-31.9,0,-15.6,1,-31.8,0,-31.8,0,-31.8,0,-31.7,0,-15.6,1,-31.9,0,-31.9,0,-32.0,0,-32.1,0,-15.7,1,-32.3,0,-15.6,1,-32.4,0,-15.6,1,-15.6,1,-15.7,1,-32.9,0,-32.8,0,-32.8,0,-32.8,0,-15.7,1,-32.7,0,-15.5,1,-32.9,0,-32.8,0,-32.8,0,-15.6,1,-33.0,0,-32.8,0,-32.9,0,-32.7,0,-15.7,1,-32.7,0,-32.8,0
shb,7,preamp,18.0,0.0,-1.25,16.77,-31.5,0,-31.5,0,-31.7,0,-31.7,0,-31.7,0,-15.7,1,-15.7,1,-15.7,1,-31.7,0,-15.6,1,-31.9,0,-32.0,0,-32.0,0,-32.0,0,-32.0,0,-15.6,1,-32.1,0,-32.2,0,-32.1,0,-32.0,0,-15.6,1,-32.1,0,-32.2,0,-32.2,0,-32.2,0,-32.0,0,-15.6,1,-31.9,0,-15.7,1,-32.0,0,-32.0,0,-32.0,0,-31.9,0,-15.6,1,-31.9,0,-32.1,0,-32.0,0,-32.0,0,-32.1,0,-32.1,0,-32.1,0,-32.1,0,-32.1,0,-32.0,0,-15.6,1,-32.2,0,-32.1,0,-32.3,0,-32.2,0,-32.2,0,-32.2,0,-32.2,0,-32.1,0,-32.2,0,-32.0,0,-15.6,1,-31.8,0,-15.6,1,-15.6,1,-15.7,1,-31.9,0,-31.8,0,-15.6,1,-31.8,0,-31.7,0,-15.6,1,-31.9,0,-32.0,0,-32.0,0,-32.2,0,-32.2,0,-32.3,0,-32.5,0,-32.5,0,-32.5,0,-15.7,1,-32.6,0,-15.7,1,-15.5,1,-32.8,0,-32.8,0,-32.8,0,-32.8,0,-32.8,0,-32.8,0,-32.9,0,-15.6,1,-33.0,0,-33.0,0,-15.7,1,-33.1,0,-33.0,0,-15.6,1,-15.7,1,-33.0,0
shb,7,preamp,18.0,0.0,0.46,18.47,-31.6,0,-31.6,0,-31.6,0,-15.2,1,-31.6,0,-15.3,1,-31.9,0,-32.0,0,-32.0,0,-32.0,0,-32.1,0,-32.1,0,-32.1,0,-32.1,0,-32.2,0,-32.2,0,-32.1,0,-15.2,1,-32.1,0,-32.1,0,-15.3,1,-15.2,1,-32.1,0,-15.3,1,-32.1,0,-15.2,1,-15.3,1,-15.3,1,-32.0,0,-15.3,1,-32.1,0,-15.3,1,-32.0,0,-32.0,0,-32.0,0,-32.1,0,-32.1,0,-32.2,0,-32.1,0,-32.2,0,-32.1,0,-32.1,0,-15.2,1,-15.3,1,-32.1,0,-15.2,1,-15.2,1,-32.3,0,-32.3,0,-32.3,0,-32.3,0,-32.2,0,-32.2,0,-32.2,0,-32.2,0,-32.1,0,-32.0,0,-15.2,1,-15.2,1,-32.1,0,-31.9,0,-15.2,1,-31.8,0,-15.2,1,-31.8,0,-15.2,1,-15.2,1,-15.2,1,-32.0,0,-15.3,1,-32.4,0,-32.5,0,-32.6,0,-32.6,0,-32.7,0,-32.7,0,-15.2,1,-15.3,1,-15.3,1,-15.3,1,-32.9,0,-32.9,0,-15.3,1,-32.9,0,-33.0,0,-32.9,0,-15.3,1,-33.0,0,-15.3,1,-32.9,0,-33.1,0,-33.0,0,-15.4,1,-15.4,1,-15.3,1
shb,7,preamp,18.0,0.0,0.47,18.47,-31.6,0,-31.6,0,-31.7,0,-31.8,0,-31.7,0,-15.2,1,-15.3,1,-15.4,1,-31.9,0,-31.9,0,-32.0,0,-32.1,0,-32.0,0,-15.2,1,-32.1,0,-32.1,0,-15.2,1,-32.1,0,-15.3,1,-32.1,0,-32.2,0,-32.3,0,-32.1,0,-15.3,1,-15.2,1,-32.1,0,-15.2,1,-15.2,1,-32.1,0,-32.1,0,-15.2,1,-32.0,0,-31.9,0,-15.2,1,-31.9,0,-15.3,1,-32.1,0,-32.0,0,-15.2,1,-32.2,0,-32.2,0,-32.2,0,-32.2,0,-32.2,0,-32.2,0,-15.2,1,-32.2,0,-32.3,0,-32.3,0,-32.3,0,-32.3,0,-32.2,0,-15.2,1,-15.3,1,-32.1,0,-15.2,1,-32.1,0,-32.0,0,-15.3,1,-15.3,1,-32.0,0,-32.0,0,-32.0,0,-32.0,0,-31.9,0,-31.9,0,-15.2,1,-15.1,1,-15.3,1,-32.2,0,-32.4,0,-32.5,0,-32.5,0,-15.3,1,-32.7,0,-15.3,1,-32.8,0,-32.8,0,-32.9,0,-32.8,0,-15.3,1,-32.8,0,-15.3,1,-32.8,0,-33.0,0,-15.3,1,-15.2,1,-33.1,0,-33.1,0,-33.0,0,-15.2,1,-15.3,1,-33.0,0,-15.4,1,-15.2,1
shb,7,preamp,18.0,0.0,0.35,18.36,-31.5,0,-16.1,1,-31.6,0,-31.7,0,-31.8,0,-31.8,0,-31.8,0,-15.4,1,-31.9,0,-32.0,0,-32.1,0,-32.1,0,-32.0,0,-15.4,1,-32.1,0,-15.3,1,-32.2,0,-32.3,0,-32.2,0,-32.1,0,-15.3,1,-15.4,1,-32.1,0,-15.4,1,-32.2,0,-32.2,0,-32.2,0,-32.0,0,-15.4,1,-15.4,1,-32.1,0,-32.1,0,-32.1,0,-32.0,0,-15.3,1,-32.1,0,-32.1,0,-32.1,0,-32.2,0,-32.2,0,-32.2,0,-32.2,0,-15.4,1,-32.2,0,-32.3,0,-15.4,1,-32.2,0,-15.4,1,-15.3,1,-32.3,0,-32.2,0,-15.4,1,-32.1,0,-15.3,1,-15.3,1,-32.1,0,-15.4,1,-32.0,0,-15.3,1,-31.9,0,-15.4,1,-15.4,1,-32.0,0,-31.9,0,-15.4,1,-15.3,1,-15.2,1,-15.3,1,-32.1,0,-32.3,0,-32.4,0,-32.5,0,-32.6,0,-32.6,0,-15.3,1,-32.8,0,-15.3,1,-32.9,0,-32.9,0,-15.4,1,-33.0,0,-15.4,1,-33.0,0,-15.4,1,-15.4,1,-33.0,0,-33.0,0,-33.1,0,-33.1,0,-33.0,0,-33.0,0,-15.4,1,-32.9,0,-32.9,0,-15.3,1
shb,7,preamp,18.0,0.0,-0.06,17.94,-31.5,0,-31.5,0,-31.5,0,-15.8,1,-15.8,1,-15.9,1,-31.7,0,-31.9,0,-31.8,0,-15.8,1,-15.8,1,-31.9,0,-32.0,0,-31.9,0,-15.8,1,-32.1,0,-32.1,0,-32.1,0,-15.8,1,-31.9,0,-15.9,1,-32.0,0,-15.8,1,-32.1,0,-32.2,0,-32.1,0,-32.1,0,-32.1,0,-32.0,0,-15.9,1,-32.0,0,-32.0,0,-15.7,1,-32.0,0,-32.0,0,-15.8,1,-15.8,1,-15.8,1,-32.0,0,-32.2,0,-32.1,0,-15.9,1,-32.2,0,-32.1,0,-15.8,1,-15.8,1,-32.2,0,-32.3,0,-32.2,0,-15.8,1,-15.9,1,-15.8,1,-15.9,1,-32.1,0,-32.2,0,-32.1,0,-32.0,0,-32.0,0,-32.0,0,-31.9,0,-15.8,1,-15.7,1,-31.7,0,-15.8,1,-15.8,1,-31.9,0,-31.9,0,-32.0,0,-32.0,0,-15.8,1,-32.2,0,-32.4,0,-32.5,0,-32.5,0,-15.8,1,-32.6,0,-32.7,0,-15.8,1,-15.8,1,-32.9,0,-15.9,1,-32.9,0,-15.8,1,-33.0,0,-33.0,0,-32.9,0,-15.8,1,-33.0,0,-33.0,0,-32.8,0,-33.0,0,-32.9,0,-32.9,0,-15.9,1,-32.8,0
shb,7,preamp,18.0,0.0,0.34,18.36,-31.5,0,-16.1,1,-31.6,0,-15.3,1,-31.7,0,-15.4,1,-15.4,1,-31.9,0,-32.0,0,-32.0,0,-31.9,0,-15.4,1,-15.4,1,-15.3,1,-32.1,0,-32.2,0,-32.3,0,-32.3,0,-32.2,0,-32.2,0,-32.3,0,-32.2,0,-15.3,1,-32.1,0,-15.4,1,-32.1,0,-15.3,1,-32.1,0,-32.2,0,-32.1,0,-15.2,1,-32.0,0,-15.3,1,-15.4,1,-15.3,1,-32.1,0,-32.1,0,-32.2,0,-32.2,0,-32.3,0,-32.2,0,-32.2,0,-32.3,0,-32.3,0,-32.4,0,-32.3,0,-32.2,0,-15.4,1,-32.3,0,-32.3,0,-32.2,0,-15.3,1,-32.1,0,-15.3,1,-15.4,1,-32.1,0,-32.1,0,-32.0,0,-15.3,1,-32.1,0,-32.0,0,-15.3,1,-32.0,0,-32.0,0,-15.3,1,-15.3,1,-15.2,1,-32.0,0,-32.2,0,-32.3,0,-32.4,0,-15.3,1,-32.6,0,-32.6,0,-15.4,1,-32.8,0,-15.3,1,-15.3,1,-32.9,0,-15.4,1,-15.3,1,-15.5,1,-32.9,0,-15.4,1,-33.0,0,-33.0,0,-33.0,0,-33.0,0,-33.0,0,-32.8,0,-33.0,0,-32.9,0,-15.4,1,-15.5,1,-32.9,0
shb,2,preamp,18.0,0.0,-1.47,16.56,-31.3,0,-31.2,0,-16.2,1,-31.5,0,-31.7,0,-31.7,0,-31.8,0,-31.7,0,-31.6,0,-16.1,1,-31.6,0,-31.8,0,-31.9,0,-31.9,0,-31.7,0,-16.1,1,-31.6,0,-16.1,1,-31.6,0,-16.2,1,-31.8,0,-31.9,0,-31.7,0,-16.1,1,-31.7,0,-31.7,0,-16.2,1,-31.7,0,-31.6,0,-16.2,1,-31.6,0,-31.5,0,-16.2,1,-31.5,0,-31.7,0,-31.7,0,-31.7,0,-31.8,0,-31.7,0,-31.6,0,-16.1,1,-31.5,0,-16.2,1,-31.6,0,-31.7,0,-31.6,0,-16.1,1,-31.6,0,-31.7,0,-31.7,0,-31.7,0,-31.6,0,-31.5,0,-16.2,1,-31.4,0,-31.5,0,-31.5,0,-31.3,0,-16.1,1,-31.0,0,-16.2,1,-30.9,0,-31.5,0,-31.5,0,-31.4,0,-31.3,0,-31.2,0,-16.1,1,-31.2,0,-31.3,0,-16.2,1,-16.2,1,-31.6,0,-31.9,0,-31.9,0,-31.7,0,-16.1,1,-31.7,0,-31.9,0,-32.0,0,-32.0,0,-32.1,0,-32.2,0,-32.3,0,-32.3,0,-32.3,0,-16.2,1,-32.2,0,-16.2,1,-16.2,1,-32.4,0,-32.5,0,-16.2,1,-32.1,0,-32.3,0
shb,2,preamp,18.0,0.0,-1.85,16.17,-30.5,0,-30.6,0,-30.7,0,-30.5,0,-16.6,1,-30.5,0,-30.6,0,-16.6,1,-16.6,1,-30.6,0,-30.7,0,-16.6,1,-30.7,0,-30.9,0,-16.6,1,-16.6,1,-30.8,0,-31.1,0,-30.9,0,-16.6,1,-30.8,0,-31.1,0,-30.8,0,-16.6,1,-16.7,1,-30.8,0,-31.1,0,-31.0,0,-31.0,0,-31.0,0,-30.7,0,-16.7,1,-30.6,0,-30.6,0,-16.6,1,-16.7,1,-30.6,0,-30.9,0,-30.7,0,-16.7,1,-30.6,0,-16.7,1,-30.6,0,-30.9,0,-30.9,0,-30.7,0,-16.6,1,-16.6,1,-30.6,0,-30.8,0,-30.6,0,-16.6,1,-30.4,0,-30.7,0,-30.7,0,-30.5,0,-16.6,1,-30.2,0,-30.6,0,-30.5,0,-30.6,0,-30.3,0,-30.6,0,-30.5,0,-30.6,0,-30.5,0,-30.5,0,-30.4,0,-16.6,1,-30.3,0,-30.7,0,-30.7,0,-30.9,0,-31.1,0,-31.1,0,-31.1,0,-30.9,0,-16.6,1,-30.6,0,-30.9,0,-16.6,1,-30.8,0,-31.1,0,-16.7,1,-31.0,0,-31.6,0,-31.6,0,-31.6,0,-31.5,0,-31.4,0,-31.6,0,-31.6,0,-31.5,0,-31.3,0,-16.7,1
shb,2,preamp,18.0,0.0,-1.45,16.57,-31.4,0,-31.4,0,-31.3,0,-16.1,1,-31.2,0,-16.2,1,-31.6,0,-31.7,0,-31.8,0,-31.8,0,-31.8,0,-31.6,0,-16.2,1,-16.2,1,-16.1,1,-31.8,0,-31.7,0,-16.2,1,-31.7,0,-32.0,0,-31.9,0,-31.9,0,-31.9,0,-31.7,0,-16.2,1,-31.7,0,-31.7,0,-16.2,1,-31.6,0,-31.8,0,-31.8,0,-31.5,0,-16.1,1,-31.5,0,-31.7,0,-31.7,0,-31.6,0,-16.1,1,-31.6,0,-31.7,0,-16.2,1,-31.7,0,-31.7,0,-31.7,0,-31.7,0,-31.8,0,-31.8,0,-31.6,0,-16.1,1,-16.1,1,-31.4,0,-16.2,1,-31.4,0,-31.5,0,-31.5,0,-31.4,0,-16.2,1,-31.3,0,-31.4,0,-31.4,0,-31.3,0,-16.1,1,-31.2,0,-31.4,0,-31.4,0,-31.4,0,-31.2,0,-16.1,1,-31.3,0,-31.5,0,-31.6,0,-31.6,0,-31.6,0,-16.1,1,-31.7,0,-31.9,0,-31.8,0,-16.1,1,-31.6,0,-31.8,0,-16.1,1,-16.2,1,-32.0,0,-32.3,0,-32.3,0,-32.4,0,-32.4,0,-32.4,0,-32.4,0,-32.2,0,-16.2,1,-32.3,0,-32.3,0,-16.3,1,-32.1,0
shb,2,preamp,18.0,0.0,-1.47,16.55,-31.4,0,-31.5,0,-31.5,0,-31.6,0,-31.4,0,-16.2,1,-31.5,0,-31.6,0,-16.1,1,-31.6,0,-31.8,0,-31.6,0,-16.2,1,-31.6,0,-16.1,1,-16.2,1,-16.2,1,-16.1,1,-31.7,0,-16.1,1,-16.2,1,-16.2,1,-31.8,0,-31.9,0,-31.9,0,-31.9,0,-31.9,0,-31.8,0,-31.7,0,-31.7,0,-31.7,0,-31.7,0,-31.7,0,-31.7,0,-31.7,0,-31.7,0,-31.7,0,-31.7,0,-31.7,0,-31.8,0,-31.7,0,-31.7,0,-31.7,0,-31.6,0,-31.7,0,-31.7,0,-31.7,0,-31.7,0,-31.7,0,-31.7,0,-31.7,0,-31.6,0,-31.5,0,-31.4,0,-16.1,1,-31.3,0,-31.4,0,-16.1,1,-31.2,0,-31.3,0,-16.1,1,-30.9,0,-31.5,0,-31.4,0,-31.2,0,-16.1,1,-31.2,0,-31.5,0,-31.4,0,-31.3,0,-16.2,1,-31.3,0,-16.1,1,-31.6,0,-16.2,1,-16.2,1,-16.1,1,-31.7,0,-32.0,0,-32.0,0,-31.9,0,-16.3,1,-31.8,0,-16.1,1,-32.2,0,-32.4,0,-32.3,0,-16.2,1,-32.0,0,-32.4,0,-32.5,0,-32.3,0,-16.1,1,-31.9,0,-32.2,0
shb,2,preamp,18.0,0.0,-1.64,16.39,-31.2,0,-31.4,0,-31.4,0,-31.6,0,-31.4,0,-16.3,1,-16.3,1,-16.3,1,-31.4,0,-16.4,1,-31.6,0,-31.8,0,-31.8,0,-31.9,0,-31.7,0,-16.3,1,-31.7,0,-31.9,0,-31.9,0,-31.7,0,-16.4,1,-31.7,0,-31.9,0,-31.8,0,-31.8,0,-31.7,0,-16.4,1,-31.4,0,-16.3,1,-31.5,0,-31.7,0,-31.6,0,-31.5,0,-16.3,1,-31.4,0,-31.6,0,-31.7,0,-31.7,0,-31.7,0,-31.7,0,-31.7,0,-31.6,0,-31.6,0,-31.4,0,-16.4,1,-31.5,0,-31.7,0,-31.7,0,-31.6,0,-31.6,0,-31.6,0,-31.6,0,-31.5,0,-31.5,0,-31.3,0,-16.4,1,-31.2,0,-16.3,1,-16.3,1,-16.3,1,-31.2,0,-30.6,0,-16.3,1,-31.0,0,-31.1,0,-16.2,1,-31.1,0,-31.4,0,-31.3,0,-31.4,0,-31.5,0,-31.5,0,-31.7,0,-31.9,0,-31.7,0,-16.3,1,-31.4,0,-16.3,1,-16.3,1,-31.7,0,-32.0,0,-32.0,0,-32.1,0,-32.2,0,-32.2,0,-32.1,0,-16.3,1,-32.2,0,-32.3,0,-16.4,1,-32.2,0,-32.4,0,-16.3,1,-16.4,1,-32.0,0
shb,2,preamp,18.0,0.0,0.01,18.01,-31.3,0,-31.4,0,-31.3,0,-16.0,1,-31.2,0,-15.9,1,-31.5,0,-31.7,0,-31.8,0,-31.8,0,-31.8,0,-31.8,0,-31.8,0,-31.9,0,-31.9,0,-31.9,0,-31.7,0,-15.9,1,-31.8,0,-31.8,0,-16.0,1,-16.0,1,-31.6,0,-16.0,1,-31.6,0,-15.9,1,-16.0,1,-16.0,1,-31.4,0,-15.9,1,-31.4,0,-16.0,1,-31.7,0,-31.7,0,-31.7,0,-31.7,0,-31.7,0,-31.8,0,-31.7,0,-31.8,0,-31.8,0,-31.6,0,-15.9,1,-15.9,1,-31.3,0,-15.9,1,-15.9,1,-31.6,0,-31.7,0,-31.7,0,-31.7,0,-31.7,0,-31.6,0,-31.6,0,-31.6,0,-31.5,0,-31.4,0,-15.9,1,-15.9,1,-31.2,0,-31.3,0,-15.8,1,-31.1,0,-16.0,1,-31.0,0,-16.0,1,-15.9,1,-15.9,1,-31.1,0,-16.0,1,-31.5,0,-31.7,0,-31.8,0,-32.1,0,-32.0,0,-31.8,0,-15.9,1,-16.0,1,-15.9,1,-16.0,1,-31.8,0,-32.1,0,-16.0,1,-32.0,0,-32.4,0,-32.3,0,-16.0,1,-32.3,0,-16.0,1,-32.3,0,-32.6,0,-32.5,0,-16.1,1,-16.1,1,-15.9,1
shb,2,preamp,18.0,0.0,0.0,18.01,-31.3,0,-31.4,0,-31.5,0,-31.6,0,-31.4,0,-16.0,1,-16.0,1,-16.0,1,-31.6,0,-31.8,0,-31.7,0,-31.8,0,-31.6,0,-16.0,1,-31.8,0,-31.7,0,-15.9,1,-31.6,0,-16.0,1,-31.8,0,-32.0,0,-31.9,0,-31.7,0,-16.0,1,-16.0,1,-31.6,0,-16.0,1,-16.0,1,-31.6,0,-31.6,0,-15.9,1,-31.5,0,-31.6,0,-15.9,1,-31.3,0,-16.0,1,-31.6,0,-31.6,0,-15.9,1,-31.7,0,-31.7,0,-31.7,0,-31.6,0,-31.7,0,-31.5,0,-15.9,1,-31.6,0,-31.7,0,-31.7,0,-31.7,0,-31.6,0,-31.4,0,-16.0,1,-16.0,1,-31.2,0,-16.0,1,-31.4,0,-31.3,0,-15.9,1,-16.0,1,-31.3,0,-31.1,0,-31.4,0,-31.5,0,-31.4,0,-31.2,0,-15.9,1,-16.0,1,-16.0,1,-31.4,0,-31.5,0,-31.6,0,-31.6,0,-15.9,1,-31.5,0,-16.0,1,-31.7,0,-32.0,0,-32.0,0,-31.9,0,-16.0,1,-31.7,0,-16.0,1,-32.0,0,-32.2,0,-16.0,1,-16.0,1,-32.4,0,-32.5,0,-32.3,0,-16.0,1,-16.0,1,-32.2,0,-16.0,1,-16.1,1
shb,2,preamp,18.0,0.0,-0.01,18.0,-31.2,0,-17.0,1,-31.4,0,-31.7,0,-31.7,0,-31.8,0,-31.6,0,-15.9,1,-31.6,0,-31.8,0,-31.8,0,-31.8,0,-31.7,0,-16.0,1,-31.6,0,-15.9,1,-31.8,0,-31.9,0,-32.0,0,-31.8,0,-15.9,1,-16.0,1,-31.6,0,-15.9,1,-31.7,0,-31.9,0,-31.9,0,-31.6,0,-16.0,1,-16.0,1,-31.7,0,-31.8,0,-31.8,0,-31.5,0,-15.9,1,-31.6,0,-31.8,0,-31.8,0,-31.8,0,-31.9,0,-31.8,0,-31.6,0,-15.9,1,-31.6,0,-31.6,0,-16.0,1,-31.5,0,-16.0,1,-15.9,1,-31.6,0,-31.6,0,-16.0,1,-31.3,0,-16.0,1,-16.0,1,-31.3,0,-15.9,1,-31.2,0,-15.9,1,-31.1,0,-16.0,1,-15.8,1,-31.3,0,-31.4,0,-16.0,1,-16.0,1,-15.9,1,-15.9,1,-31.3,0,-31.6,0,-31.6,0,-31.7,0,-31.8,0,-31.9,0,-15.9,1,-31.6,0,-15.9,1,-31.8,0,-31.9,0,-16.0,1,-31.7,0,-16.0,1,-31.8,0,-16.0,1,-15.9,1,-32.5,0,-32.6,0,-32.5,0,-32.5,0,-32.4,0,-32.4,0,-16.0,1,-32.4,0,-32.3,0,-16.0,1
shb,2,preamp,18.0,0.0,-0.39,17.61,-31.3,0,-31.3,0,-31.2,0,-16.5,1,-16.4,1,-16.4,1,-31.4,0,-31.6,0,-31.5,0,-16.4,1,-16.4,1,-31.6,0,-31.8,0,-31.7,0,-16.4,1,-31.7,0,-31.8,0,-31.7,0,-16.5,1,-31.5,0,-16.5,1,-31.5,0,-16.4,1,-31.6,0,-31.8,0,-31.8,0,-31.8,0,-31.8,0,-31.5,0,-16.4,1,-31.5,0,-31.5,0,-16.5,1,-31.4,0,-31.5,0,-16.4,1,-16.4,1,-16.4,1,-31.5,0,-31.8,0,-31.6,0,-16.4,1,-31.5,0,-31.5,0,-16.4,1,-16.4,1,-31.6,0,-31.7,0,-31.6,0,-16.4,1,-16.4,1,-16.4,1,-16.4,1,-31.4,0,-31.5,0,-31.5,0,-31.5,0,-31.4,0,-31.4,0,-31.2,0,-16.4,1,-16.4,1,-31.1,0,-16.4,1,-16.4,1,-31.0,0,-31.3,0,-31.4,0,-31.3,0,-16.4,1,-31.3,0,-31.6,0,-31.7,0,-31.7,0,-16.4,1,-31.7,0,-31.8,0,-16.4,1,-16.4,1,-31.7,0,-16.5,1,-31.8,0,-16.5,1,-32.0,0,-32.4,0,-32.3,0,-16.5,1,-32.3,0,-32.3,0,-32.3,0,-32.4,0,-32.4,0,-32.2,0,-16.6,1,-32.0,0
shb,2,preamp,18.0,0.0,-0.02,17.99,-31.2,0,-17.0,1,-31.3,0,-15.9,1,-31.3,0,-16.0,1,-16.0,1,-31.6,0,-31.9,0,-31.8,0,-31.6,0,-16.0,1,-16.0,1,-15.9,1,-31.9,0,-32.0,0,-32.0,0,-32.0,0,-32.0,0,-32.0,0,-32.0,0,-31.8,0,-15.9,1,-31.6,0,-16.0,1,-31.6,0,-15.9,1,-31.8,0,-31.9,0,-31.7,0,-15.9,1,-31.5,0,-15.9,1,-16.0,1,-15.9,1,-31.7,0,-31.8,0,-31.8,0,-31.8,0,-31.9,0,-31.8,0,-31.8,0,-31.7,0,-31.8,0,-31.8,0,-31.8,0,-31.7,0,-16.0,1,-31.7,0,-31.8,0,-31.6,0,-16.0,1,-31.4,0,-15.9,1,-15.9,1,-31.5,0,-31.6,0,-31.4,0,-15.9,1,-31.3,0,-31.4,0,-15.9,1,-31.3,0,-31.5,0,-16.0,1,-15.9,1,-15.9,1,-31.4,0,-31.6,0,-31.6,0,-31.5,0,-16.0,1,-31.7,0,-31.9,0,-16.0,1,-31.7,0,-15.9,1,-15.9,1,-31.7,0,-15.9,1,-15.9,1,-16.0,1,-31.9,0,-15.9,1,-32.3,0,-32.6,0,-32.6,0,-32.5,0,-32.5,0,-32.4,0,-32.6,0,-32.5,0,-16.0,1,-16.1,1,-32.3,0
shb,4,preamp,18.0,0.0,-0.95,17.06,-31.4,0,-31.1,0,-15.6,1,-31.4,0,-31.7,0,-31.8,0,-31.8,0,-31.7,0,-31.5,0,-15.5,1,-31.6,0,-31.8,0,-32.0,0,-32.0,0,-31.8,0,-15.6,1,-31.7,0,-15.5,1,-31.6,0,-15.5,1,-31.8,0,-31.9,0,-31.9,0,-15.6,1,-31.9,0,-31.8,0,-15.6,1,-31.6,0,-31.8,0,-15.5,1,-31.8,0,-31.6,0,-15.5,1,-31.6,0,-31.8,0,-31.9,0,-31.9,0,-31.9,0,-31.8,0,-31.6,0,-15.5,1,-31.7,0,-15.5,1,-31.9,0,-32.0,0,-31.9,0,-15.5,1,-32.0,0,-32.1,0,-32.0,0,-32.0,0,-32.1,0,-31.9,0,-15.5,1,-31.9,0,-31.9,0,-31.9,0,-31.8,0,-15.5,1,-31.7,0,-15.5,1,-31.3,0,-31.8,0,-31.8,0,-31.8,0,-31.9,0,-31.9,0,-15.5,1,-31.8,0,-31.9,0,-15.5,1,-15.5,1,-32.2,0,-32.4,0,-32.4,0,-32.3,0,-15.5,1,-32.5,0,-32.7,0,-32.6,0,-32.6,0,-32.7,0,-32.7,0,-32.8,0,-33.0,0,-32.9,0,-15.6,1,-32.9,0,-15.5,1,-15.6,1,-33.0,0,-33.1,0,-15.6,1,-32.9,0,-32.9,0
shb,4,preamp,18.0,0.0,-1.14,16.87,-30.7,0,-30.7,0,-30.8,0,-30.6,0,-15.7,1,-30.8,0,-30.8,0,-15.8,1,-15.7,1,-30.8,0,-30.9,0,-15.7,1,-31.0,0,-31.0,0,-15.8,1,-15.7,1,-31.1,0,-31.3,0,-31.0,0,-15.7,1,-31.0,0,-31.3,0,-31.1,0,-15.7,1,-15.7,1,-31.1,0,-31.3,0,-31.3,0,-31.2,0,-31.2,0,-31.0,0,-15.7,1,-30.9,0,-31.0,0,-15.7,1,-15.7,1,-30.9,0,-31.2,0,-30.9,0,-15.8,1,-30.8,0,-15.9,1,-31.1,0,-31.4,0,-31.4,0,-31.3,0,-15.7,1,-15.7,1,-31.1,0,-31.3,0,-31.2,0,-15.7,1,-31.1,0,-31.3,0,-31.3,0,-31.1,0,-15.7,1,-31.0,0,-31.3,0,-31.3,0,-31.1,0,-30.5,0,-31.1,0,-31.1,0,-31.1,0,-31.2,0,-31.2,0,-31.1,0,-15.7,1,-31.1,0,-31.4,0,-31.6,0,-31.7,0,-31.7,0,-31.7,0,-31.7,0,-31.7,0,-15.8,1,-31.9,0,-31.9,0,-15.8,1,-32.0,0,-32.0,0,-15.8,1,-32.1,0,-32.3,0,-32.3,0,-32.3,0,-32.3,0,-32.3,0,-32.2,0,-32.3,0,-32.3,0,-32.1,0,-15.7,1
shb,4,preamp,18.0,0.0,-0.97,17.04,-31.5,0,-31.4,0,-31.3,0,-15.5,1,-31.3,0,-15.6,1,-31.8,0,-31.8,0,-31.9,0,-32.0,0,-31.9,0,-31.7,0,-15.5,1,-15.5,1,-15.5,1,-32.0,0,-31.9,0,-15.5,1,-31.9,0,-32.1,0,-32.1,0,-32.0,0,-32.0,0,-31.9,0,-15.5,1,-31.9,0,-31.9,0,-15.6,1,-31.6,0,-32.0,0,-32.0,0,-31.8,0,-15.5,1,-31.8,0,-31.9,0,-31.9,0,-31.8,0,-15.5,1,-31.7,0,-31.7,0,-15.5,1,-31.9,0,-32.0,0,-32.1,0,-32.1,0,-32.2,0,-32.1,0,-32.0,0,-15.6,1,-15.5,1,-31.8,0,-15.6,1,-31.9,0,-32.1,0,-32.0,0,-31.8,0,-15.6,1,-31.9,0,-32.0,0,-32.0,0,-31.8,0,-15.5,1,-31.8,0,-31.9,0,-31.9,0,-32.0,0,-31.9,0,-15.5,1,-31.8,0,-32.1,0,-32.2,0,-32.3,0,-32.3,0,-15.6,1,-32.3,0,-32.5,0,-32.5,0,-15.6,1,-32.8,0,-32.7,0,-15.6,1,-15.5,1,-32.8,0,-32.8,0,-32.9,0,-33.0,0,-33.0,0,-33.0,0,-33.1,0,-33.0,0,-15.6,1,-33.0,0,-33.0,0,-15.6,1,-32.8,0
shb,4,preamp,18.0,0.0,-1.05,16.97,-31.3,0,-31.4,0,-31.5,0,-31.6,0,-31.4,0,-15.7,1,-31.6,0,-31.4,0,-15.6,1,-31.6,0,-31.8,0,-31.5,0,-15.7,1,-31.6,0,-15.6,1,-15.6,1,-15.7,1,-15.6,1,-31.5,0,-15.6,1,-15.7,1,-15.6,1,-31.8,0,-31.9,0,-31.9,0,-31.9,0,-31.9,0,-31.9,0,-31.8,0,-31.8,0,-31.8,0,-31.8,0,-31.6,0,-31.7,0,-31.8,0,-31.8,0,-31.8,0,-31.8,0,-31.7,0,-31.7,0,-31.8,0,-31.8,0,-31.9,0,-31.9,0,-31.9,0,-32.0,0,-31.9,0,-32.0,0,-32.0,0,-31.9,0,-31.9,0,-32.0,0,-32.0,0,-31.8,0,-15.6,1,-31.8,0,-31.7,0,-15.6,1,-31.8,0,-31.8,0,-15.6,1,-29.6,0,-31.7,0,-31.7,0,-31.6,0,-15.6,1,-31.7,0,-31.8,0,-31.9,0,-31.8,0,-15.6,1,-32.0,0,-15.6,1,-32.2,0,-15.6,1,-15.7,1,-15.6,1,-32.6,0,-32.7,0,-32.6,0,-32.6,0,-15.6,1,-32.7,0,-15.7,1,-32.8,0,-32.9,0,-32.9,0,-15.7,1,-33.0,0,-33.0,0,-32.9,0,-32.8,0,-15.7,1,-32.6,0,-32.7,0
shb,4,preamp,18.0,0.0,-0.98,17.03,-31.4,0,-31.4,0,-31.6,0,-31.6,0,-31.4,0,-15.6,1,-15.6,1,-15.6,1,-31.3,0,-15.5,1,-31.6,0,-31.8,0,-32.0,0,-31.9,0,-31.8,0,-15.5,1,-31.9,0,-31.9,0,-31.9,0,-31.8,0,-15.5,1,-31.7,0,-31.9,0,-32.0,0,-32.0,0,-31.7,0,-15.5,1,-31.6,0,-15.6,1,-31.7,0,-31.9,0,-31.8,0,-31.5,0,-15.4,1,-31.5,0,-31.8,0,-31.9,0,-31.8,0,-31.8,0,-31.8,0,-31.8,0,-31.9,0,-31.9,0,-31.8,0,-15.4,1,-32.0,0,-32.0,0,-32.1,0,-32.0,0,-32.0,0,-31.9,0,-32.0,0,-32.0,0,-32.0,0,-31.8,0,-15.5,1,-31.7,0,-15.6,1,-15.6,1,-15.6,1,-31.7,0,-31.2,0,-15.5,1,-31.7,0,-31.7,0,-15.6,1,-31.8,0,-31.9,0,-31.9,0,-31.9,0,-32.1,0,-32.2,0,-32.3,0,-32.3,0,-32.4,0,-15.6,1,-32.3,0,-15.5,1,-15.4,1,-32.6,0,-32.7,0,-32.7,0,-32.7,0,-32.8,0,-32.9,0,-32.9,0,-15.6,1,-33.0,0,-33.0,0,-15.6,1,-33.0,0,-33.0,0,-15.6,1,-15.7,1,-32.8,0
shb,4,preamp,18.0,0.0,0.57,18.57,-31.4,0,-31.4,0,-31.3,0,-15.3,1,-31.3,0,-15.4,1,-31.7,0,-31.8,0,-31.8,0,-31.9,0,-31.9,0,-31.9,0,-32.0,0,-32.0,0,-32.0,0,-32.1,0,-31.9,0,-15.3,1,-31.8,0,-31.8,0,-15.4,1,-15.3,1,-31.8,0,-15.3,1,-31.8,0,-15.4,1,-15.4,1,-15.3,1,-31.7,0,-15.3,1,-31.7,0,-15.4,1,-31.8,0,-31.8,0,-31.9,0,-31.9,0,-31.9,0,-31.9,0,-31.8,0,-31.9,0,-31.9,0,-31.9,0,-15.4,1,-15.3,1,-31.8,0,-15.3,1,-15.4,1,-32.0,0,-32.2,0,-32.0,0,-32.0,0,-32.1,0,-32.1,0,-32.1,0,-32.0,0,-32.0,0,-31.8,0,-15.2,1,-15.3,1,-31.9,0,-31.8,0,-15.3,1,-31.7,0,-15.3,1,-31.7,0,-15.4,1,-15.3,1,-15.3,1,-31.8,0,-15.4,1,-32.1,0,-32.3,0,-32.4,0,-32.4,0,-32.5,0,-32.4,0,-15.3,1,-15.4,1,-15.3,1,-15.4,1,-32.8,0,-32.8,0,-15.4,1,-32.8,0,-33.0,0,-33.0,0,-15.4,1,-33.0,0,-15.4,1,-33.1,0,-33.1,0,-33.1,0,-15.4,1,-15.4,1,-15.4,1
shb,4,preamp,18.0,0.0,0.48,18.49,-31.4,0,-31.4,0,-31.5,0,-31.5,0,-31.4,0,-15.4,1,-15.5,1,-15.4,1,-31.6,0,-31.9,0,-31.9,0,-31.8,0,-31.7,0,-15.4,1,-31.8,0,-31.9,0,-15.4,1,-31.6,0,-15.5,1,-31.9,0,-32.0,0,-31.9,0,-31.9,0,-15.4,1,-15.5,1,-31.7,0,-15.4,1,-15.4,1,-31.7,0,-31.8,0,-15.4,1,-31.8,0,-31.5,0,-15.4,1,-31.5,0,-15.5,1,-31.6,0,-31.7,0,-15.4,1,-31.6,0,-31.9,0,-31.9,0,-31.9,0,-32.0,0,-31.9,0,-15.5,1,-31.9,0,-32.1,0,-32.1,0,-32.0,0,-32.0,0,-31.9,0,-15.5,1,-15.5,1,-31.7,0,-15.4,1,-31.8,0,-31.9,0,-15.3,1,-15.5,1,-31.7,0,-31.0,0,-31.8,0,-31.8,0,-31.9,0,-31.9,0,-15.3,1,-15.4,1,-15.4,1,-31.9,0,-32.1,0,-32.2,0,-32.3,0,-15.4,1,-32.2,0,-15.4,1,-32.5,0,-32.7,0,-32.7,0,-32.6,0,-15.5,1,-32.7,0,-15.5,1,-32.8,0,-32.9,0,-15.5,1,-15.4,1,-33.1,0,-33.1,0,-33.0,0,-15.5,1,-15.4,1,-32.9,0,-15.5,1,-15.5,1
shb,4,preamp,18.0,0.0,0.53,18.54,-31.2,0,-16.1,1,-31.4,0,-31.6,0,-31.7,0,-31.8,0,-31.6,0,-15.4,1,-31.6,0,-32.0,0,-31.9,0,-31.9,0,-31.8,0,-15.3,1,-31.7,0,-15.4,1,-31.9,0,-32.0,0,-32.1,0,-31.9,0,-15.4,1,-15.3,1,-31.8,0,-15.4,1,-32.0,0,-32.1,0,-32.0,0,-31.9,0,-15.3,1,-15.3,1,-31.9,0,-31.9,0,-31.8,0,-31.7,0,-15.3,1,-31.7,0,-32.0,0,-31.9,0,-31.9,0,-31.9,0,-32.0,0,-31.9,0,-15.4,1,-31.9,0,-31.9,0,-15.4,1,-31.9,0,-15.4,1,-15.4,1,-31.9,0,-32.0,0,-15.3,1,-31.9,0,-15.4,1,-15.4,1,-31.8,0,-15.4,1,-31.8,0,-15.4,1,-31.8,0,-15.4,1,-15.3,1,-31.9,0,-31.8,0,-15.4,1,-15.3,1,-15.4,1,-15.3,1,-31.9,0,-32.1,0,-32.3,0,-32.4,0,-32.4,0,-32.4,0,-15.4,1,-32.4,0,-15.3,1,-32.8,0,-32.7,0,-15.4,1,-32.7,0,-15.4,1,-32.8,0,-15.4,1,-15.4,1,-33.0,0,-33.1,0,-33.1,0,-33.1,0,-33.1,0,-33.0,0,-15.4,1,-33.0,0,-32.9,0,-15.3,1
shb,4,preamp,18.0,0.0,0.14,18.15,-31.3,0,-31.4,0,-31.2,0,-15.8,1,-15.8,1,-15.9,1,-31.7,0,-31.7,0,-31.5,0,-15.8,1,-15.8,1,-31.6,0,-31.9,0,-31.7,0,-15.8,1,-31.9,0,-32.0,0,-31.7,0,-15.8,1,-31.6,0,-15.9,1,-31.6,0,-15.7,1,-31.9,0,-32.0,0,-32.0,0,-32.0,0,-32.0,0,-31.8,0,-15.8,1,-31.7,0,-31.7,0,-15.8,1,-31.6,0,-31.7,0,-15.8,1,-15.8,1,-15.8,1,-31.7,0,-31.8,0,-31.7,0,-15.9,1,-31.8,0,-31.9,0,-15.8,1,-15.8,1,-32.0,0,-32.2,0,-32.0,0,-15.8,1,-15.8,1,-15.7,1,-15.8,1,-32.0,0,-32.0,0,-32.0,0,-31.9,0,-32.0,0,-32.0,0,-31.8,0,-15.8,1,-15.8,1,-31.6,0,-15.7,1,-15.8,1,-31.9,0,-31.9,0,-31.9,0,-31.9,0,-15.8,1,-32.1,0,-32.2,0,-32.3,0,-32.3,0,-15.7,1,-32.4,0,-32.5,0,-15.9,1,-15.8,1,-32.6,0,-15.8,1,-32.6,0,-15.9,1,-32.8,0,-33.0,0,-33.0,0,-15.8,1,-33.0,0,-33.0,0,-33.0,0,-33.0,0,-33.0,0,-32.9,0,-15.8,1,-32.7,0
shb,4,preamp,18.0,0.0,0.54,18.55,-31.2,0,-16.1,1,-31.1,0,-15.4,1,-31.3,0,-15.4,1,-15.3,1,-31.7,0,-31.9,0,-32.0,0,-31.7,0,-15.3,1,-15.3,1,-15.4,1,-31.9,0,-32.2,0,-32.1,0,-32.1,0,-32.0,0,-32.1,0,-32.1,0,-31.9,0,-15.4,1,-31.8,0,-15.3,1,-31.8,0,-15.4,1,-31.9,0,-32.0,0,-31.9,0,-15.3,1,-31.6,0,-15.3,1,-15.3,1,-15.3,1,-31.7,0,-32.0,0,-32.0,0,-31.9,0,-31.9,0,-32.0,0,-32.1,0,-32.1,0,-32.1,0,-32.1,0,-32.2,0,-32.0,0,-15.4,1,-32.1,0,-32.1,0,-32.0,0,-15.4,1,-32.0,0,-15.3,1,-15.3,1,-32.0,0,-32.1,0,-31.9,0,-15.3,1,-32.0,0,-31.9,0,-15.3,1,-31.8,0,-31.8,0,-15.3,1,-15.3,1,-15.3,1,-32.0,0,-32.1,0,-32.1,0,-32.1,0,-15.3,1,-32.3,0,-32.4,0,-15.3,1,-32.4,0,-15.3,1,-15.4,1,-32.7,0,-15.4,1,-15.4,1,-15.3,1,-32.8,0,-15.3,1,-32.9,0,-33.0,0,-33.0,0,-33.0,0,-33.0,0,-33.0,0,-33.0,0,-33.0,0,-15.4,1,-15.4,1,-32.8,0
shb,5,preamp,18.0,0.0,-1.56,16.46,-31.3,0,-31.1,0,-16.1,1,-31.4,0,-31.6,0,-31.6,0,-31.7,0,-31.9,0,-31.6,0,-16.1,1,-31.8,0,-31.9,0,-31.9,0,-31.9,0,-31.8,0,-16.1,1,-31.9,0,-16.2,1,-31.7,0,-16.1,1,-31.8,0,-32.0,0,-31.9,0,-16.2,1,-31.9,0,-31.9,0,-16.2,1,-31.8,0,-31.8,0,-16.2,1,-31.7,0,-31.8,0,-16.1,1,-31.6,0,-31.7,0,-31.8,0,-31.7,0,-31.7,0,-31.7,0,-31.7,0,-16.2,1,-31.6,0,-16.1,1,-31.7,0,-31.8,0,-31.7,0,-16.2,1,-31.8,0,-31.9,0,-31.9,0,-31.9,0,-31.9,0,-31.8,0,-16.2,1,-31.7,0,-31.7,0,-31.7,0,-31.6,0,-16.2,1,-31.5,0,-16.1,1,-30.6,0,-31.6,0,-31.6,0,-31.7,0,-31.7,0,-31.8,0,-16.0,1,-31.7,0,-31.8,0,-16.2,1,-16.1,1,-31.9,0,-32.0,0,-32.1,0,-32.1,0,-16.2,1,-32.3,0,-32.4,0,-32.3,0,-32.2,0,-32.3,0,-32.4,0,-32.5,0,-32.5,0,-32.5,0,-16.3,1,-32.5,0,-16.3,1,-16.2,1,-32.7,0,-32.7,0,-16.2,1,-32.4,0,-32.4,0
shb,5,preamp,18.0,0.0,-1.8,16.21,-30.6,0,-30.6,0,-30.7,0,-30.5,0,-16.4,1,-30.6,0,-30.7,0,-16.4,1,-16.4,1,-30.8,0,-30.9,0,-16.4,1,-30.9,0,-31.0,0,-16.4,1,-16.4,1,-31.0,0,-31.4,0,-30.9,0,-16.4,1,-31.0,0,-31.2,0,-31.2,0,-16.5,1,-16.4,1,-31.0,0,-31.2,0,-31.2,0,-31.2,0,-31.2,0,-31.0,0,-16.4,1,-30.8,0,-30.9,0,-16.5,1,-16.4,1,-30.8,0,-31.0,0,-30.9,0,-16.5,1,-30.7,0,-16.4,1,-30.9,0,-31.1,0,-31.1,0,-30.9,0,-16.4,1,-16.4,1,-30.9,0,-31.2,0,-31.1,0,-16.5,1,-30.9,0,-31.1,0,-31.1,0,-30.9,0,-16.5,1,-30.6,0,-30.9,0,-30.9,0,-30.9,0,-30.6,0,-30.9,0,-30.9,0,-30.9,0,-31.0,0,-31.0,0,-30.8,0,-16.5,1,-30.8,0,-31.1,0,-31.2,0,-31.3,0,-31.3,0,-31.4,0,-31.5,0,-31.4,0,-16.4,1,-31.5,0,-31.5,0,-16.5,1,-31.4,0,-31.5,0,-16.5,1,-31.5,0,-31.7,0,-31.6,0,-31.7,0,-31.7,0,-31.8,0,-31.8,0,-31.8,0,-31.6,0,-31.6,0,-16.4,1
shb,5,preamp,18.0,0.0,-1.58,16.44,-31.3,0,-31.4,0,-31.2,0,-16.0,1,-31.3,0,-16.3,1,-31.6,0,-31.8,0,-31.8,0,-31.8,0,-31.9,0,-31.8,0,-16.2,1,-16.2,1,-16.1,1,-31.8,0,-32.0,0,-16.2,1,-31.7,0,-31.9,0,-32.0,0,-32.0,0,-32.0,0,-31.9,0,-16.2,1,-31.8,0,-31.9,0,-16.1,1,-31.9,0,-31.9,0,-31.8,0,-31.8,0,-16.1,1,-31.6,0,-31.7,0,-31.8,0,-31.7,0,-16.1,1,-31.6,0,-31.7,0,-16.2,1,-31.7,0,-31.8,0,-31.8,0,-31.8,0,-31.7,0,-31.7,0,-31.8,0,-16.2,1,-16.2,1,-31.7,0,-16.2,1,-31.8,0,-31.9,0,-31.8,0,-31.7,0,-16.1,1,-31.5,0,-31.7,0,-31.7,0,-31.5,0,-16.1,1,-31.6,0,-31.7,0,-31.7,0,-31.8,0,-31.7,0,-16.1,1,-31.7,0,-31.9,0,-31.9,0,-32.0,0,-32.0,0,-16.1,1,-32.0,0,-32.3,0,-32.3,0,-16.2,1,-32.4,0,-32.4,0,-16.1,1,-16.2,1,-32.3,0,-32.4,0,-32.5,0,-32.5,0,-32.5,0,-32.5,0,-32.6,0,-32.5,0,-16.2,1,-32.5,0,-32.4,0,-16.3,1,-32.3,0
shb,5,preamp,18.0,0.0,-1.72,16.31,-31.2,0,-31.3,0,-31.3,0,-31.4,0,-31.4,0,-16.4,1,-31.5,0,-31.6,0,-16.4,1,-31.7,0,-31.8,0,-31.7,0,-16.3,1,-31.6,0,-16.3,1,-16.4,1,-16.3,1,-16.3,1,-31.6,0,-16.4,1,-16.5,1,-16.3,1,-31.8,0,-31.9,0,-31.9,0,-31.9,0,-31.8,0,-31.9,0,-31.8,0,-31.8,0,-31.7,0,-31.8,0,-31.6,0,-31.6,0,-31.6,0,-31.7,0,-31.6,0,-31.6,0,-31.6,0,-31.6,0,-31.6,0,-31.7,0,-31.7,0,-31.7,0,-31.7,0,-31.6,0,-31.6,0,-31.8,0,-31.8,0,-31.8,0,-31.8,0,-31.8,0,-31.7,0,-31.7,0,-16.4,1,-31.5,0,-31.5,0,-16.3,1,-31.4,0,-31.5,0,-16.4,1,-30.3,0,-31.5,0,-31.6,0,-31.4,0,-16.3,1,-31.5,0,-31.6,0,-31.7,0,-31.7,0,-16.3,1,-31.8,0,-16.4,1,-31.8,0,-16.3,1,-16.3,1,-16.2,1,-32.3,0,-32.5,0,-32.3,0,-32.1,0,-16.3,1,-32.1,0,-16.5,1,-32.3,0,-32.4,0,-32.3,0,-16.4,1,-32.3,0,-32.6,0,-32.5,0,-32.4,0,-16.3,1,-32.2,0,-32.2,0
shb,5,preamp,18.0,0.0,-1.57,16.45,-31.3,0,-31.3,0,-31.4,0,-31.5,0,-31.4,0,-16.2,1,-16.2,1,-16.2,1,-31.5,0,-16.1,1,-31.8,0,-31.9,0,-31.9,0,-31.9,0,-31.8,0,-16.2,1,-31.9,0,-32.1,0,-31.8,0,-31.9,0,-16.2,1,-31.9,0,-32.0,0,-32.0,0,-31.9,0,-31.9,0,-16.2,1,-31.7,0,-16.2,1,-31.7,0,-31.8,0,-31.9,0,-31.6,0,-16.1,1,-31.6,0,-31.7,0,-31.7,0,-31.7,0,-31.7,0,-31.8,0,-31.7,0,-31.8,0,-31.8,0,-31.7,0,-16.1,1,-31.5,0,-31.7,0,-31.9,0,-31.9,0,-31.9,0,-31.9,0,-31.9,0,-31.9,0,-31.9,0,-31.7,0,-16.2,1,-31.6,0,-16.1,1,-16.1,1,-16.2,1,-31.6,0,-31.3,0,-16.1,1,-31.5,0,-31.5,0,-16.1,1,-31.6,0,-31.7,0,-31.8,0,-31.8,0,-31.9,0,-32.0,0,-32.0,0,-32.1,0,-32.1,0,-16.2,1,-32.1,0,-16.3,1,-16.2,1,-32.2,0,-32.3,0,-32.4,0,-32.3,0,-32.4,0,-32.5,0,-32.5,0,-16.1,1,-32.6,0,-32.6,0,-16.2,1,-32.7,0,-32.7,0,-16.1,1,-16.3,1,-32.4,0
shb,5,preamp,18.0,0.0,-0.16,17.84,-31.3,0,-31.3,0,-31.2,0,-16.1,1,-31.3,0,-16.1,1,-31.5,0,-31.8,0,-31.7,0,-31.8,0,-31.9,0,-31.9,0,-31.9,0,-31.9,0,-31.9,0,-31.9,0,-32.0,0,-16.1,1,-31.8,0,-31.9,0,-16.1,1,-16.1,1,-31.8,0,-16.1,1,-31.8,0,-16.1,1,-16.0,1,-16.1,1,-31.8,0,-16.0,1,-31.6,0,-16.0,1,-31.6,0,-31.7,0,-31.7,0,-31.8,0,-31.8,0,-31.7,0,-31.7,0,-31.7,0,-31.7,0,-31.7,0,-16.0,1,-16.1,1,-31.5,0,-16.1,1,-16.1,1,-31.8,0,-31.9,0,-31.9,0,-31.9,0,-31.8,0,-31.9,0,-31.9,0,-31.8,0,-31.8,0,-31.7,0,-16.1,1,-16.1,1,-31.6,0,-31.6,0,-16.1,1,-31.6,0,-16.0,1,-31.4,0,-16.0,1,-15.9,1,-16.0,1,-31.6,0,-16.1,1,-31.9,0,-32.1,0,-32.1,0,-32.1,0,-32.1,0,-32.2,0,-16.0,1,-16.1,1,-16.1,1,-16.1,1,-32.3,0,-32.4,0,-16.1,1,-32.5,0,-32.6,0,-32.6,0,-16.1,1,-32.5,0,-16.1,1,-32.7,0,-32.8,0,-32.7,0,-16.3,1,-16.2,1,-16.1,1
shb,5,preamp,18.0,0.0,-0.17,17.84,-31.3,0,-31.4,0,-31.4,0,-31.5,0,-31.4,0,-16.1,1,-16.0,1,-16.0,1,-31.6,0,-31.8,0,-31.9,0,-31.9,0,-31.9,0,-16.0,1,-31.8,0,-31.9,0,-16.1,1,-31.9,0,-16.1,1,-31.8,0,-31.9,0,-32.1,0,-31.9,0,-16.1,1,-16.1,1,-31.8,0,-16.0,1,-16.1,1,-31.8,0,-31.8,0,-16.0,1,-31.7,0,-31.6,0,-16.0,1,-31.5,0,-16.0,1,-31.6,0,-31.7,0,-16.0,1,-31.6,0,-31.8,0,-31.8,0,-31.8,0,-31.8,0,-31.7,0,-16.0,1,-31.6,0,-31.9,0,-32.0,0,-32.0,0,-31.9,0,-31.8,0,-16.0,1,-16.1,1,-31.7,0,-16.1,1,-31.6,0,-31.7,0,-15.9,1,-16.1,1,-31.6,0,-30.9,0,-31.7,0,-31.7,0,-31.8,0,-31.7,0,-16.0,1,-16.1,1,-16.0,1,-31.7,0,-31.9,0,-32.1,0,-32.0,0,-16.0,1,-31.9,0,-16.0,1,-32.2,0,-32.5,0,-32.5,0,-32.4,0,-16.0,1,-32.3,0,-16.1,1,-32.5,0,-32.6,0,-16.1,1,-16.2,1,-32.6,0,-32.8,0,-32.8,0,-16.2,1,-16.1,1,-32.6,0,-16.2,1,-16.2,1
shb,5,preamp,18.0,0.0,-0.15,17.86,-31.2,0,-16.6,1,-31.3,0,-31.5,0,-31.7,0,-31.7,0,-31.5,0,-16.0,1,-31.7,0,-31.8,0,-31.9,0,-31.9,0,-31.9,0,-16.0,1,-31.8,0,-16.0,1,-31.9,0,-32.1,0,-31.9,0,-31.9,0,-16.1,1,-16.1,1,-31.8,0,-16.0,1,-31.9,0,-32.0,0,-32.0,0,-31.9,0,-16.1,1,-16.0,1,-31.8,0,-31.9,0,-31.8,0,-31.7,0,-16.0,1,-31.7,0,-31.9,0,-31.8,0,-31.8,0,-31.9,0,-31.8,0,-31.8,0,-16.1,1,-31.7,0,-31.8,0,-16.1,1,-31.6,0,-16.1,1,-16.0,1,-31.9,0,-31.9,0,-16.1,1,-31.8,0,-16.0,1,-16.0,1,-31.7,0,-16.1,1,-31.6,0,-16.0,1,-31.6,0,-16.1,1,-16.0,1,-31.7,0,-31.7,0,-16.0,1,-16.0,1,-16.0,1,-16.0,1,-31.8,0,-32.0,0,-32.0,0,-32.2,0,-32.2,0,-32.1,0,-16.0,1,-32.2,0,-16.1,1,-32.5,0,-32.5,0,-16.1,1,-32.4,0,-16.0,1,-32.5,0,-16.1,1,-16.1,1,-32.7,0,-32.6,0,-32.7,0,-32.7,0,-32.8,0,-32.8,0,-16.1,1,-32.6,0,-32.6,0,-16.1,1
shb,5,preamp,18.0,0.0,-0.26,17.75,-31.4,0,-31.3,0,-31.3,0,-16.2,1,-16.1,1,-16.2,1,-31.5,0,-31.9,0,-31.6,0,-16.2,1,-16.2,1,-31.8,0,-31.9,0,-31.9,0,-16.2,1,-31.9,0,-32.1,0,-32.0,0,-16.2,1,-31.7,0,-16.2,1,-31.9,0,-16.1,1,-31.9,0,-32.0,0,-32.1,0,-32.0,0,-32.0,0,-31.9,0,-16.1,1,-31.8,0,-31.9,0,-16.2,1,-31.7,0,-31.7,0,-16.1,1,-16.2,1,-16.1,1,-31.7,0,-31.9,0,-31.8,0,-16.1,1,-31.8,0,-31.8,0,-16.2,1,-16.1,1,-31.7,0,-32.0,0,-32.0,0,-16.3,1,-16.1,1,-16.2,1,-16.2,1,-31.8,0,-31.9,0,-31.8,0,-31.8,0,-31.8,0,-31.7,0,-31.7,0,-16.1,1,-16.2,1,-31.6,0,-16.1,1,-16.0,1,-31.7,0,-31.8,0,-31.8,0,-31.8,0,-16.1,1,-31.9,0,-32.1,0,-32.1,0,-32.0,0,-16.2,1,-32.2,0,-32.4,0,-16.2,1,-16.2,1,-32.4,0,-16.2,1,-32.3,0,-16.2,1,-32.5,0,-32.6,0,-32.7,0,-16.3,1,-32.5,0,-32.7,0,-32.7,0,-32.7,0,-32.7,0,-32.5,0,-16.2,1,-32.3,0
shb,5,preamp,18.0,0.0,-0.18,17.84,-31.1,0,-16.6,1,-31.1,0,-16.0,1,-31.4,0,-16.1,1,-16.1,1,-31.7,0,-31.8,0,-31.9,0,-31.7,0,-16.1,1,-16.1,1,-16.0,1,-31.9,0,-32.0,0,-32.0,0,-32.1,0,-31.9,0,-31.9,0,-32.0,0,-31.9,0,-16.2,1,-31.8,0,-16.1,1,-31.8,0,-16.1,1,-31.9,0,-31.9,0,-31.8,0,-16.0,1,-31.7,0,-16.0,1,-16.0,1,-16.0,1,-31.6,0,-31.8,0,-31.8,0,-31.8,0,-31.8,0,-31.8,0,-31.8,0,-31.9,0,-31.9,0,-31.8,0,-31.8,0,-31.7,0,-16.1,1,-31.9,0,-32.0,0,-31.9,0,-16.2,1,-31.7,0,-16.0,1,-16.1,1,-31.7,0,-31.8,0,-31.7,0,-16.0,1,-31.6,0,-31.6,0,-15.9,1,-31.6,0,-31.7,0,-16.0,1,-16.0,1,-16.0,1,-31.7,0,-31.8,0,-31.9,0,-31.9,0,-16.0,1,-32.0,0,-32.0,0,-16.1,1,-32.2,0,-16.0,1,-16.1,1,-32.5,0,-16.1,1,-16.2,1,-16.1,1,-32.4,0,-16.0,1,-32.5,0,-32.6,0,-32.5,0,-32.6,0,-32.6,0,-32.7,0,-32.7,0,-32.6,0,-16.2,1,-16.1,1,-32.4,0